"SNP_ID","Gene_ID","Gene_Common_Name","Resolved_Gene_ID","Status","N_Cells","Verification_Beta","Verification_P","FastLMM_Beta","FastLMM_P","Effect_Agreement","R_Squared"
"chromosome1_186208_T_TA","YAR029W","","YAR029W","Success",16063,0.877053160820434,1.1122154347772e-86,0.553360005695808,2.45769044575402e-09,TRUE,0.0541552030877991
"chromosome12_514235_A_ACC","YLR179C","","YLR179C","Success",16063,0.517304087968606,0,0.598376938620147,9.06671967855924e-08,TRUE,0.0444978111327424
"chromosome5_562451_AT_A","YER186C","","YER186C","Success",16063,-1.04624737435909,2.29028620294274e-66,0.568049077071897,1.28766720048259e-06,FALSE,0.0300951717857137
"chromosome7_754390_CT_C","YGR131W","","YGR131W","Success",16063,-0.535219431967662,1.49071824563772e-16,0.637634624356199,1.75401254352409e-06,FALSE,0.0121628785032851
"chromosome11_658273_AG_A","YKR103W","","YKR103W","Success",16063,0.261618694069055,1.76047515619647e-05,0.644732827958884,2.10468199348242e-06,TRUE,0.00483556788162276
"chromosome11_658680_G_GA","YKR103W","","YKR103W","Success",16063,-0.571778425350023,3.6559018083259e-07,0.533066343449928,2.36531240121801e-06,FALSE,0.0102399476812624
"chromosome14_778850_TGCA_T","YNR074C","","","Gene not found",0,0,0,0.730778438015259,1.29810792947168e-05,FALSE,0
"chromosome16_88155_TC_T","YPL243W","","YPL243W","Success",16063,0.125404787494169,4.26052162579587e-33,0.676544130821221,1.32742628685521e-05,TRUE,0.00272372745594585
"chromosome14_349826_AT_A","YNL148C","","YNL148C","Success",16063,-0.472413915627956,6.99177855857063e-78,0.720097758171321,1.46579035877817e-05,FALSE,0.0188675805503127
"chromosome7_1519_CT_C","YGL263W","","YGL263W","Success",16063,0.411285263464805,6.91854990140175e-54,0.570940797910763,2.34857026051004e-05,TRUE,0.0174910805101125
"chromosome10_23988_GT_G","YJL217W","","YJL217W","Success",16063,0.77590948345493,4.78244263966892e-189,0.473330945501186,2.714189497213e-05,TRUE,0.0599726221394493
"chromosome1_186208_T_TA","YAR031W","","YAR031W","Success",16063,0.693510042946685,1.98053760199221e-63,0.376680333752006,4.15031007852813e-05,TRUE,0.0348289128970541
"chromosome11_466696_TTTG_T","YKR014C","","YKR014C","Success",16063,-0.218770533991975,4.23924525007772e-45,0.54489023391898,4.9950535456933e-05,FALSE,0.00562861181599372
"chromosome13_224327_A_AT","YML025C","","","Gene not found",0,0,0,0.486265293260844,5.73783726472786e-05,FALSE,0
"chromosome11_465041_TTA_T","YKR013W","","","Gene not found",0,0,0,0.612912901385544,7.85194584754136e-05,FALSE,0
"chromosome13_79840_G_GA","YML097C","","","Gene not found",0,0,0,0.562412491600546,8.23787352772148e-05,FALSE,0
"chromosome5_487470_AT_A","YER158C","","YER158C","Success",16063,-0.295981166773011,6.26565343238086e-22,0.491531052406024,8.3081840540832e-05,FALSE,0.00981110538067476
"chromosome15_580086_GT_G","YOR136W","","YOR136W","Success",16063,-0.149289210125042,3.77946611138121e-29,0.58814017804647,9.99217704808663e-05,FALSE,0.00272244820789835
"chromosome8_399050_T_TACTATTTCTAATTGGA","YHR150W","","YHR150W","Success",16063,-0.14729693590662,3.97803439852092e-06,0.578625007985793,0.0001233499443364,FALSE,0.00241510567527259
