"Chr","ChrPos","Pheno","Source","Variant_Type","Beta","PValue","Threshold","Distance_Above_Threshold"
10,26887,"YBR070C","YPD.1","CNVs",-0.410182970991127,3.6037354338213,3.18468925855265,0.419046175268652
10,26887,"YBR070C","YPD.2","CNVs",-0.40242449485364,3.40087532971114,3.33840717550188,0.0624681542092622
16,943880,"YBR121C","YPD.1","CNVs",-0.699200903411208,4.95032503922017,3.24305602454187,1.7072690146783
16,943880,"YBR121C","YPD.2","CNVs",-0.629818890476581,3.87831654468065,3.27245856336452,0.605857981316124
16,944603,"YBR121C","YPD.1","CNVs",-0.74842109206491,5.1968990411947,3.24305602454187,1.95384301665282
16,944603,"YBR121C","YPD.2","CNVs",-0.703644522811297,4.44688502434263,3.27245856336452,1.17442646097811
4,803195,"YBR181C","YPD.1","CNVs",-0.621565867028593,4.01231910681902,3.19203819356341,0.820280913255617
4,803195,"YBR181C","YPD.2","CNVs",-0.586962942795533,3.94791799997069,3.338855984891,0.609062015079699
5,7230,"YBR187W","YPD.1","CNVs",-0.514313561772251,4.09460610189304,3.44886591694028,0.645740184952755
5,7230,"YBR187W","YPD.2","CNVs",-0.52069769871157,4.19873476903775,3.30073598329431,0.897998785743442
15,1074213,"YBR262C","YPD.1","CNVs",0.442348416723565,3.67341321795914,3.36236446990714,0.311048748051997
15,1074213,"YBR262C","YPD.2","CNVs",0.454295776894466,3.48579612204228,3.25113610127635,0.234660020765932
1,2480,"YBR295W","YPD.1","CNVs",0.47538957076229,3.94819490025686,3.11498501832929,0.833209881927569
1,2480,"YBR295W","YPD.2","CNVs",0.411549876155789,3.04391070744424,2.77198586103193,0.271924846412314
2,800523,"YBR297W","YPD.1","CNVs",-0.558382150522701,5.09236235814458,3.27122659121661,1.82113576692797
2,800523,"YBR297W","YPD.2","CNVs",-0.568612588019136,4.99688573455239,3.14174417080835,1.85514156374404
2,810340,"YBR297W","YPD.1","CNVs",-0.514813668167983,6.21315601310923,3.27122659121661,2.94192942189262
2,810340,"YBR297W","YPD.2","CNVs",-0.529121056542662,6.07495562746265,3.14174417080835,2.93321145665431
2,800523,"YBR298C","YPD.1","CNVs",-0.530151177913533,4.09924185898388,3.14707217018805,0.952169688795831
2,800523,"YBR298C","YPD.2","CNVs",-0.488238040477591,3.43274419244998,3.0220633852533,0.410680807196683
2,808600,"YBR298C","YPD.1","CNVs",-0.448289419686888,3.73517023959542,3.14707217018805,0.58809806940737
2,808600,"YBR298C","YPD.2","CNVs",-0.444497823612347,3.27419903074848,3.0220633852533,0.25213564549518
2,809057,"YBR298C","YPD.1","CNVs",-0.448289419686888,3.73517023959542,3.14707217018805,0.58809806940737
2,809057,"YBR298C","YPD.2","CNVs",-0.444497823612347,3.27419903074848,3.0220633852533,0.25213564549518
10,829,"YCL026C.A","YPD.1","CNVs",0.367404946880939,3.43830673365195,2.98956208339024,0.44874465026171
10,829,"YCL026C.A","YPD.2","CNVs",0.402056387156388,4.11887476336523,3.10333053188808,1.01554423147715
13,922641,"YCL030C","YPD.1","CNVs",-0.571142846931127,4.01534120809586,3.31470883824599,0.700632369849866
13,922641,"YCL030C","YPD.2","CNVs",-0.514337487623237,3.20727522868772,2.87480075841636,0.332474470271355
2,810340,"YCL049C","YPD.1","CNVs",0.395811382832902,3.15435979687148,3.12708825213185,0.0272715447396275
2,810340,"YCL049C","YPD.2","CNVs",0.430527034951367,3.3655596557865,3.05751909517376,0.308040560612744
3,309070,"YCR106W","YPD.1","CNVs",-0.560204445224317,5.0039087574036,3.18555569127437,1.81835306612923
3,309070,"YCR106W","YPD.2","CNVs",-0.554835954486115,4.91355744069303,3.06768945890566,1.84586798178738
3,310958,"YCR106W","YPD.1","CNVs",-0.560204445224317,5.0039087574036,3.18555569127437,1.81835306612923
3,310958,"YCR106W","YPD.2","CNVs",-0.554835954486115,4.91355744069303,3.06768945890566,1.84586798178738
16,7933,"YDL039C","YPD.1","CNVs",-0.517838574128011,3.60691241847941,3.19695417801193,0.40995824046748
16,7933,"YDL039C","YPD.2","CNVs",-0.572260953628605,4.49422649771604,3.2126086069584,1.28161789075764
3,309070,"YDL128W","YPD.1","CNVs",0.492682208552789,3.6711596077645,3.37477461356444,0.296384994200058
3,309070,"YDL128W","YPD.2","CNVs",0.533389087863711,4.3510281271619,3.19990342113448,1.15112470602741
3,310958,"YDL128W","YPD.1","CNVs",0.492682208552789,3.6711596077645,3.37477461356444,0.296384994200058
3,310958,"YDL128W","YPD.2","CNVs",0.533389087863711,4.3510281271619,3.19990342113448,1.15112470602741
13,922641,"YDL171C","YPD.1","CNVs",-0.509912315584113,3.1335654327563,3.12052590354947,0.0130395292068335
13,922641,"YDL171C","YPD.2","CNVs",-0.580165116718145,4.00315841033856,3.02241938736329,0.980739022975278
13,922641,"YDL185W","YPD.1","CNVs",-0.584077057647658,3.76401162529303,3.0290377025534,0.734973922739629
13,922641,"YDL185W","YPD.2","CNVs",-0.535513455167711,3.52259715225655,3.40251429317993,0.120082859076624
13,923494,"YDL185W","YPD.1","CNVs",-0.537411907513589,3.72419815176531,3.0290377025534,0.695160449211909
13,923494,"YDL185W","YPD.2","CNVs",-0.522050815337114,3.65505609694972,3.40251429317993,0.2525418037698
13,923494,"YDR011W","YPD.1","CNVs",-0.512254587411444,3.7803785495486,2.9742910087541,0.806087540794501
13,923494,"YDR011W","YPD.2","CNVs",-0.536871511686797,3.86575639127243,3.29806990630552,0.567686484966906
7,763762,"YDR037W","YPD.1","CNVs",0.329336377630271,3.41875114280654,3.07803268165409,0.340718461152442
7,763762,"YDR037W","YPD.2","CNVs",0.327369760352099,3.38716199922711,3.22468873258548,0.162473266641628
9,394255,"YDR037W","YPD.1","CNVs",-0.553122512337418,6.08493836000783,3.07803268165409,3.00690567835374
9,394255,"YDR037W","YPD.2","CNVs",-0.557295927529445,6.10857779008986,3.22468873258548,2.88388905750438
9,394917,"YDR037W","YPD.1","CNVs",-0.40174021931542,3.47328523111794,3.07803268165409,0.395252549463851
9,394917,"YDR037W","YPD.2","CNVs",-0.402060228902452,3.46600033287652,3.22468873258548,0.24131160029104
9,397215,"YDR037W","YPD.1","CNVs",-0.40174021931542,3.47328523111794,3.07803268165409,0.395252549463851
9,397215,"YDR037W","YPD.2","CNVs",-0.402060228902452,3.46600033287652,3.22468873258548,0.24131160029104
9,397294,"YDR037W","YPD.1","CNVs",-0.40174021931542,3.47328523111794,3.07803268165409,0.395252549463851
9,397294,"YDR037W","YPD.2","CNVs",-0.402060228902452,3.46600033287652,3.22468873258548,0.24131160029104
9,398514,"YDR037W","YPD.1","CNVs",-0.40174021931542,3.47328523111794,3.07803268165409,0.395252549463851
9,398514,"YDR037W","YPD.2","CNVs",-0.402060228902452,3.46600033287652,3.22468873258548,0.24131160029104
9,398733,"YDR037W","YPD.1","CNVs",-0.40174021931542,3.47328523111794,3.07803268165409,0.395252549463851
9,398733,"YDR037W","YPD.2","CNVs",-0.402060228902452,3.46600033287652,3.22468873258548,0.24131160029104
9,399777,"YDR037W","YPD.1","CNVs",-0.40174021931542,3.47328523111794,3.07803268165409,0.395252549463851
9,399777,"YDR037W","YPD.2","CNVs",-0.402060228902452,3.46600033287652,3.22468873258548,0.24131160029104
16,9557,"YDR044W","YPD.1","CNVs",-0.519751180081678,3.59282589445113,3.53310947819935,0.0597164162517805
16,9557,"YDR044W","YPD.2","CNVs",-0.597257035386411,4.66053057795175,3.55269021145416,1.10784036649759
16,943880,"YDR354W","YPD.1","CNVs",0.599040899303772,3.475185670499,3.28279115706813,0.192394513430872
16,943880,"YDR354W","YPD.2","CNVs",0.569567788645141,3.35259528338358,3.1592574405245,0.193337842859086
9,36899,"YDR533C","YPD.1","CNVs",0.374840947735941,3.2994788160966,3.24103727159136,0.0584415445052429
9,36899,"YDR533C","YPD.2","CNVs",0.411284623058627,3.72698737367295,3.22073987940478,0.506247494268172
9,37385,"YDR533C","YPD.1","CNVs",0.374840947735941,3.2994788160966,3.24103727159136,0.0584415445052429
9,37385,"YDR533C","YPD.2","CNVs",0.411284623058627,3.72698737367295,3.22073987940478,0.506247494268172
15,1078545,"YEL040W","YPD.1","CNVs",-0.532071945425045,3.93255246342397,3.259293551834,0.673258911589965
15,1078545,"YEL040W","YPD.2","CNVs",-0.581490721639917,4.80263483609966,3.19411307256571,1.60852176353395
15,1079282,"YEL040W","YPD.1","CNVs",-0.551096167512844,4.00015196104542,3.259293551834,0.740858409211411
15,1079282,"YEL040W","YPD.2","CNVs",-0.598422143883462,4.84004969601479,3.19411307256571,1.64593662344907
9,483,"YEL077C","YPD.1","CNVs",0.521687196637777,4.38831612635669,3.17259222387371,1.21572390248298
9,483,"YEL077C","YPD.2","CNVs",0.547844363213851,4.43828419727369,3.3533288034677,1.08495539380599
10,708811,"YER011W","YPD.1","CNVs",0.442611352597946,5.63360381301022,3.3822032326854,2.25140058032483
10,708811,"YER011W","YPD.2","CNVs",0.377322411908252,4.85878840033233,3.4922404747911,1.36654792554123
13,922641,"YER055C","YPD.1","CNVs",-0.601246797672724,4.41308121906258,3.21278891146475,1.20029230759783
13,922641,"YER055C","YPD.2","CNVs",-0.596387152704981,4.35913414609428,3.50326298290879,0.855871163185486
5,16355,"YER056C","YPD.1","CNVs",-0.510276783571124,4.49350603912521,2.84786586567789,1.64564017344732
5,16355,"YER056C","YPD.2","CNVs",-0.476504277124941,3.76177495174906,3.52753682322091,0.234238128528151
10,708811,"YER060W","YPD.1","CNVs",0.392924935480531,3.70301594070803,2.94192936768651,0.761086573021525
10,708811,"YER060W","YPD.2","CNVs",0.385544398361151,3.38672696614702,3.18483384521827,0.201893120928746
8,540800,"YER070W","YPD.1","CNVs",-0.505322917270509,3.72130967673622,3.24395197721983,0.477357699516396
8,540800,"YER070W","YPD.2","CNVs",-0.516139834036743,3.79994800646727,3.35401900508157,0.445929001385697
2,800523,"YFL062W","YPD.1","CNVs",-0.528890211026082,4.05440284205351,3.23907707210283,0.815325769950683
2,800523,"YFL062W","YPD.2","CNVs",-0.522862644682327,4.58791922724248,3.45546003176992,1.13245919547256
2,808600,"YFL062W","YPD.1","CNVs",-0.452901952200076,3.98218371107684,3.23907707210283,0.74310663897402
2,808600,"YFL062W","YPD.2","CNVs",-0.456124950243846,5.06860923444009,3.45546003176992,1.61314920267017
2,809057,"YFL062W","YPD.1","CNVs",-0.452901952200076,3.98218371107684,3.23907707210283,0.74310663897402
2,809057,"YFL062W","YPD.2","CNVs",-0.456124950243846,5.06860923444009,3.45546003176992,1.61314920267017
2,810340,"YFL062W","YPD.1","CNVs",-0.592565577556427,7.22657474870552,3.23907707210283,3.98749767660269
2,810340,"YFL062W","YPD.2","CNVs",-0.582959651675751,8.62962045047353,3.45546003176992,5.17416041870362
1,1807,"YGL017W","YPD.1","CNVs",-0.418293057687354,3.39358461235517,3.24198942691542,0.151595185439752
1,1807,"YGL017W","YPD.2","CNVs",-0.41163593315292,3.44393624375851,2.9505847943936,0.493351449364902
4,384601,"YGL076C","YPD.1","CNVs",0.494259249054145,4.03531940469523,3.23703355478964,0.798285849905586
4,384601,"YGL076C","YPD.2","CNVs",0.462169079166916,3.65791256310845,3.17456638323757,0.483346179870882
9,483,"YGL076C","YPD.1","CNVs",-0.578632219890701,4.52464203660211,3.23703355478964,1.28760848181247
9,483,"YGL076C","YPD.2","CNVs",-0.493876888473461,3.48449543561165,3.17456638323757,0.309929052374081
13,922641,"YGL077C","YPD.1","CNVs",-0.587951529505842,3.78788375770682,3.42330605044316,0.364577707263662
13,922641,"YGL077C","YPD.2","CNVs",-0.526116742710519,3.85813498381227,3.30754899362375,0.55058599018852
15,1078545,"YGL200C","YPD.1","CNVs",-0.549699220849697,3.60911331674744,3.37254568464055,0.236567632106887
15,1078545,"YGL200C","YPD.2","CNVs",-0.528321499777714,3.45807215389561,3.2251887862956,0.232883367600012
15,1079282,"YGL200C","YPD.1","CNVs",-0.565955426737255,3.63598699733661,3.37254568464055,0.263441312696054
15,1079282,"YGL200C","YPD.2","CNVs",-0.552060553038543,3.5870291810241,3.2251887862956,0.361840394728508
7,2790,"YGL263W","YPD.1","CNVs",0.426054994689568,4.39445432829114,3.27406813076283,1.12038619752831
7,2790,"YGL263W","YPD.2","CNVs",0.400743581911206,3.84516081750524,3.33465010453213,0.510510712973117
2,800523,"YGR049W","YPD.1","CNVs",-0.624324831442296,4.97864091438706,3.39591580318192,1.58272511120513
2,800523,"YGR049W","YPD.2","CNVs",-0.593763589995242,4.61572943679954,3.61098499321755,1.00474444358199
13,922641,"YGR154C","YPD.1","CNVs",0.508901834282288,3.42783211193229,3.30817750198681,0.119654609945484
13,922641,"YGR154C","YPD.2","CNVs",0.524966529594224,3.47844888058013,3.36633839468085,0.112110485899283
13,923494,"YGR155W","YPD.1","CNVs",0.574989737028812,4.53616263214145,3.42322689822351,1.11293573391794
13,923494,"YGR155W","YPD.2","CNVs",0.620829111404493,5.27426085105868,3.11923494879413,2.15502590226455
13,922641,"YGR180C","YPD.1","CNVs",0.52904789750366,3.53053165309757,3.44946024946635,0.0810714036312188
13,922641,"YGR180C","YPD.2","CNVs",0.611124687273141,4.22870234970113,3.75491180371703,0.473790545984091
13,923494,"YGR180C","YPD.1","CNVs",0.558826142718652,4.44014389218823,3.44946024946635,0.990683642721882
13,923494,"YGR180C","YPD.2","CNVs",0.552146075469473,3.92741271248686,3.75491180371703,0.172500908769828
2,800523,"YGR234W","YPD.1","CNVs",-0.593304291343599,4.64976138134074,3.10836291631588,1.54139846502486
2,800523,"YGR234W","YPD.2","CNVs",-0.506279868461774,3.35652697616276,3.19057668199959,0.165950294163163
3,307801,"YHL015W","YPD.1","CNVs",0.4945516997383,4.066299548434,3.53150794481964,0.53479160361436
3,307801,"YHL015W","YPD.2","CNVs",0.462123859474433,3.74674340726431,2.91360667221803,0.833136735046283
5,13720,"YHL033C","YPD.1","CNVs",0.607855840202379,5.42526985378348,3.27672789140513,2.14854196237834
5,13720,"YHL033C","YPD.2","CNVs",0.521450818707428,4.14063665303857,3.32628651629294,0.814350136745631
5,16355,"YHL033C","YPD.1","CNVs",0.558829563888473,5.01579126841568,3.27672789140513,1.73906337701054
5,16355,"YHL033C","YPD.2","CNVs",0.500056897546875,4.13403922919271,3.32628651629294,0.807752712899765
2,800523,"YHR007C","YPD.1","CNVs",-0.51643772057159,3.83133901124565,3.0920696673543,0.739269343891355
2,800523,"YHR007C","YPD.2","CNVs",-0.594521103372457,4.73964622562954,3.30747998646396,1.43216623916558
13,922641,"YHR047C","YPD.1","CNVs",0.740843056930538,6.53156206184118,3.16091038771817,3.37065167412302
13,922641,"YHR047C","YPD.2","CNVs",0.656223238297473,5.15313169335353,3.37151783120873,1.7816138621448
13,923494,"YHR047C","YPD.1","CNVs",0.624250670087516,5.03518804810347,3.16091038771817,1.8742776603853
13,923494,"YHR047C","YPD.2","CNVs",0.591866290551271,4.6029061830808,3.37151783120873,1.23138835187207
8,558014,"YIL070C","YPD.1","CNVs",-0.552539492316011,5.17150127533135,3.20017043638108,1.97133083895026
8,558014,"YIL070C","YPD.2","CNVs",-0.532143749178714,4.16907184593679,3.71852961533158,0.450542230605214
8,559932,"YIL070C","YPD.1","CNVs",-0.560192251736957,5.56995845255656,3.20017043638108,2.36978801617548
8,559932,"YIL070C","YPD.2","CNVs",-0.5411985088311,4.47752634676135,3.71852961533158,0.758996731429769
12,100947,"YIL075C","YPD.1","CNVs",-0.438142801173656,4.05747462476222,3.52043930037153,0.537035324390696
12,100947,"YIL075C","YPD.2","CNVs",-0.409411983025064,3.76132524942614,3.03958815686702,0.721737092559112
8,540800,"YIL133C","YPD.1","CNVs",-0.493540009206908,3.93889067692119,3.3181023588229,0.620788318098289
8,540800,"YIL133C","YPD.2","CNVs",-0.529331865918638,4.58861038419916,3.51314046873358,1.07546991546558
8,550648,"YIL133C","YPD.1","CNVs",-0.625087628796942,4.6033400791348,3.3181023588229,1.2852377203119
8,550648,"YIL133C","YPD.2","CNVs",-0.670660092599642,5.48741150068769,3.51314046873358,1.97427103195411
8,551200,"YIL133C","YPD.1","CNVs",-0.625087628796942,4.6033400791348,3.3181023588229,1.2852377203119
8,551200,"YIL133C","YPD.2","CNVs",-0.670660092599642,5.48741150068769,3.51314046873358,1.97427103195411
8,560173,"YIL133C","YPD.1","CNVs",-0.448035801972396,3.63793221903428,3.3181023588229,0.319829860211378
8,560173,"YIL133C","YPD.2","CNVs",-0.496160520186417,4.44247568431141,3.51314046873358,0.92933521557783
8,561199,"YIL133C","YPD.1","CNVs",-0.448035801972396,3.63793221903428,3.3181023588229,0.319829860211378
8,561199,"YIL133C","YPD.2","CNVs",-0.496160520186417,4.44247568431141,3.51314046873358,0.92933521557783
2,800523,"YIL148W","YPD.1","CNVs",0.512042219285327,3.32300799591304,3.25712188021063,0.065886115702416
2,800523,"YIL148W","YPD.2","CNVs",0.616407010473363,4.92999046747951,3.27898264635713,1.65100782112239
9,39433,"YIL162W","YPD.1","CNVs",0.383874587484008,3.47282760559018,3.38221859825978,0.0906090073303956
9,39433,"YIL162W","YPD.2","CNVs",0.440567968069312,4.31653347903368,3.38956562446905,0.926967854564635
10,829,"YIR027C","YPD.1","CNVs",0.513450900085114,5.77941163029856,3.3610449155796,2.41836671471896
10,829,"YIR027C","YPD.2","CNVs",0.437647299184284,4.53440762903154,3.14726582702056,1.38714180201097
16,22938,"YIR042C","YPD.1","CNVs",0.427040352113748,3.85437537567719,3.54770311376962,0.306672261907575
16,22938,"YIR042C","YPD.2","CNVs",0.366814753780068,3.07364985314406,3.06038095179112,0.0132689013529363
16,25087,"YIR042C","YPD.1","CNVs",0.427040352113748,3.85437537567719,3.54770311376962,0.306672261907575
16,25087,"YIR042C","YPD.2","CNVs",0.366814753780068,3.07364985314406,3.06038095179112,0.0132689013529363
13,922641,"YJL026W","YPD.1","CNVs",0.651176661493556,5.4967812298783,3.36570371751184,2.13107751236645
13,922641,"YJL026W","YPD.2","CNVs",0.751304546219156,6.45471097019801,3.24302164906107,3.21168932113694
13,923494,"YJL026W","YPD.1","CNVs",0.584358728329237,5.07780147666048,3.36570371751184,1.71209775914864
13,923494,"YJL026W","YPD.2","CNVs",0.646083824564979,5.41645580394757,3.24302164906107,2.1734341548865
13,922641,"YJL104W","YPD.1","CNVs",0.561171429177916,3.71250043797725,3.67329717848719,0.0392032594900571
13,922641,"YJL104W","YPD.2","CNVs",0.499923535093715,3.67156085685828,3.23877264384832,0.432788213009957
10,725784,"YJL123C","YPD.1","CNVs",-0.437172278211614,3.62458817562531,3.58508001394409,0.0395081616812272
10,725784,"YJL123C","YPD.2","CNVs",-0.437396165919819,3.55701898612812,3.48025083532909,0.0767681507990345
2,810340,"YJR043C","YPD.1","CNVs",-0.430172629496656,3.74321909951299,3.29791985908276,0.445299240430236
2,810340,"YJR043C","YPD.2","CNVs",-0.41435556239206,3.38196590075294,3.12636560099262,0.255600299760322
2,800523,"YJR047C","YPD.1","CNVs",-0.492400501728878,3.60680218437076,3.46520750140683,0.141594682963934
2,800523,"YJR047C","YPD.2","CNVs",-0.537460522000753,4.04857335897303,3.47210428192387,0.576469077049159
8,550648,"YJR065C","YPD.1","CNVs",0.639455828401652,4.39240387321662,3.17066624284394,1.22173763037268
8,550648,"YJR065C","YPD.2","CNVs",0.651267115162415,4.59854880367283,3.18058576873228,1.41796303494055
8,551200,"YJR065C","YPD.1","CNVs",0.639455828401652,4.39240387321662,3.17066624284394,1.22173763037268
8,551200,"YJR065C","YPD.2","CNVs",0.651267115162415,4.59854880367283,3.18058576873228,1.41796303494055
14,598376,"YJR072C","YPD.1","CNVs",0.412675787763055,4.42254415083924,3.16193286595803,1.26061128488122
14,598376,"YJR072C","YPD.2","CNVs",0.409211787574698,3.54998111173674,3.11569060381466,0.434290507922082
9,846,"YJR104C","YPD.1","CNVs",-0.494444025398568,3.78877010034308,3.19995728262625,0.588812817716829
9,846,"YJR104C","YPD.2","CNVs",-0.453010513244904,3.35196798189258,3.24350575585403,0.108462226038551
13,922641,"YJR148W","YPD.1","CNVs",0.525669379104949,4.19118235590385,3.30363826999443,0.887544085909414
13,922641,"YJR148W","YPD.2","CNVs",0.589589959565876,4.12326540628999,3.2869486795178,0.836316726772197
10,708811,"YJR155W","YPD.1","CNVs",-0.450707555804263,4.75167107165659,3.04363332603736,1.70803774561923
10,708811,"YJR155W","YPD.2","CNVs",-0.390082067496702,3.62040474317596,3.40741524814435,0.212989495031606
10,466,"YKL043W","YPD.1","CNVs",0.501439747215756,4.31590953596637,3.1633602878173,1.15254924814907
10,466,"YKL043W","YPD.2","CNVs",0.417991350772178,3.20589895828519,3.19616330854267,0.00973564974252117
9,483,"YKL096W","YPD.1","CNVs",-0.471663951072156,3.37850303452304,3.23595544548564,0.142547589037398
9,483,"YKL096W","YPD.2","CNVs",-0.472846810033123,3.29372896415577,2.95503573155523,0.338693232600547
16,9557,"YKL096W","YPD.1","CNVs",0.565292260492425,4.31086859528205,3.23595544548564,1.07491314979641
16,9557,"YKL096W","YPD.2","CNVs",0.591635728730984,4.72408542164231,2.95503573155523,1.76904969008709
16,15053,"YKL096W","YPD.1","CNVs",0.47581371322983,3.29219794242843,3.23595544548564,0.0562424969427906
16,15053,"YKL096W","YPD.2","CNVs",0.48338754262248,3.39347774981991,2.95503573155523,0.438442018264678
16,15405,"YKL096W","YPD.1","CNVs",0.50318711885893,3.7456776140779,3.23595544548564,0.509722168592262
16,15405,"YKL096W","YPD.2","CNVs",0.49066630507477,3.57573636739004,2.95503573155523,0.620700635834814
2,810340,"YKL104C","YPD.1","CNVs",-0.457042037977899,3.72626012604647,3.08625912121259,0.640001004833881
2,810340,"YKL104C","YPD.2","CNVs",-0.45063491525182,3.6691079074536,3.08304115317552,0.586066754278072
10,725784,"YKR098C","YPD.1","CNVs",0.400876147731636,3.25224061136398,3.22992502836952,0.0223155829944655
10,725784,"YKR098C","YPD.2","CNVs",0.419521997996144,3.55470182925786,3.27494044467977,0.279761384578088
10,725784,"YLL008W","YPD.1","CNVs",-0.446781492579869,3.96760834406375,3.18702322351652,0.780585120547231
10,725784,"YLL008W","YPD.2","CNVs",-0.41079441936866,3.17878254813827,3.03827593010451,0.140506618033757
13,922641,"YLR050C","YPD.1","CNVs",-0.596216173321954,4.22574909851585,3.12578344184991,1.09996565666594
13,922641,"YLR050C","YPD.2","CNVs",-0.626173750771897,4.5422034667303,3.67549023518568,0.866713231544615
2,800523,"YLR180W","YPD.1","CNVs",0.499781807424212,3.51235734218444,3.40402602459814,0.108331317586297
2,800523,"YLR180W","YPD.2","CNVs",0.542392745724216,3.7330544996818,2.98240053840121,0.750653961280591
2,810340,"YLR237W","YPD.1","CNVs",0.487369320040192,4.27276879098805,3.2893849485148,0.983383842473247
2,810340,"YLR237W","YPD.2","CNVs",0.47188426571237,4.0479092236692,3.13418724076385,0.913721982905348
12,100947,"YLR247C","YPD.1","CNVs",-0.432679284045341,4.03910579346687,2.97023012879362,1.06887566467325
12,100947,"YLR247C","YPD.2","CNVs",-0.381568358384679,3.10239570457638,3.01829142168833,0.0841042828880436
4,1306267,"YLR264W","YPD.1","CNVs",0.476741267055575,4.08719597762546,3.37749184816582,0.709704129459649
4,1306267,"YLR264W","YPD.2","CNVs",0.440728495824941,3.54465135940034,2.93081150120557,0.613839858194775
4,803195,"YLR300W","YPD.1","CNVs",0.594647180494859,3.71135328824025,3.46547466880178,0.245878619438469
4,803195,"YLR300W","YPD.2","CNVs",0.571207051874332,3.49515475559224,3.13731947426322,0.357835281329015
9,36899,"YLR303W","YPD.1","CNVs",0.34648466154295,3.44996092604861,3.35897715057901,0.0909837754696072
9,36899,"YLR303W","YPD.2","CNVs",0.3469484614136,3.22267715439394,3.01290030263732,0.209776851756623
9,37385,"YLR303W","YPD.1","CNVs",0.34648466154295,3.44996092604861,3.35897715057901,0.0909837754696072
9,37385,"YLR303W","YPD.2","CNVs",0.3469484614136,3.22267715439394,3.01290030263732,0.209776851756623
9,39433,"YLR303W","YPD.1","CNVs",0.411085330719553,4.81887519688356,3.35897715057901,1.45989804630455
9,39433,"YLR303W","YPD.2","CNVs",0.375468401286356,3.74648445235118,3.01290030263732,0.733584149713859
2,805035,"YLR411W","YPD.1","CNVs",0.379177666228921,3.50751119804322,3.18944438305981,0.318066814983407
2,805035,"YLR411W","YPD.2","CNVs",0.438636618364441,3.1492388428253,3.07267506580054,0.0765637770247629
2,805351,"YLR411W","YPD.1","CNVs",0.379177666228921,3.50751119804322,3.18944438305981,0.318066814983407
2,805351,"YLR411W","YPD.2","CNVs",0.438636618364441,3.1492388428253,3.07267506580054,0.0765637770247629
9,846,"YML116W","YPD.1","CNVs",0.44868789108946,3.43103507578518,3.16411751812228,0.266917557662909
9,846,"YML116W","YPD.2","CNVs",0.426866483228161,3.14726666722418,3.00525601773743,0.142010649486753
9,846,"YMR149W","YPD.1","CNVs",-0.489946996690025,4.20570630604609,3.20473854600961,1.00096776003648
9,846,"YMR149W","YPD.2","CNVs",-0.462208698863866,3.57568352914437,3.14830214023074,0.427381388913629
15,1078545,"YMR149W","YPD.1","CNVs",-0.508766951162203,4.09680768018892,3.20473854600961,0.892069134179309
15,1078545,"YMR149W","YPD.2","CNVs",-0.553838088145197,4.56200023663589,3.14830214023074,1.41369809640514
15,1079282,"YMR149W","YPD.1","CNVs",-0.531757643198623,4.23533402023582,3.20473854600961,1.03059547422621
15,1079282,"YMR149W","YPD.2","CNVs",-0.575489541394604,4.67156433024467,3.14830214023074,1.52326219001393
10,708811,"YMR173W","YPD.1","CNVs",0.454509727058056,4.79288539656663,3.15634056558729,1.63654483097934
10,708811,"YMR173W","YPD.2","CNVs",0.404241057883543,3.97200099745829,3.29539251357444,0.67660848388385
2,800523,"YMR182C","YPD.1","CNVs",-0.496742864023313,3.21766263350025,3.1529486089848,0.0647140245154496
2,800523,"YMR182C","YPD.2","CNVs",-0.498979405341379,3.52438549750826,3.38404368741714,0.140341810091122
2,800523,"YMR183C","YPD.1","CNVs",0.602410776777132,4.63099540937273,3.6689201825837,0.962075226789031
2,800523,"YMR183C","YPD.2","CNVs",0.601686871080722,4.97164205101641,3.27653212515413,1.69510992586228
8,550648,"YMR217W","YPD.1","CNVs",-0.564711684993212,3.42038851810974,3.24068783916348,0.179700678946262
8,550648,"YMR217W","YPD.2","CNVs",-0.586308719305336,3.92394128995685,3.3782335867451,0.545707703211752
8,551200,"YMR217W","YPD.1","CNVs",-0.564711684993212,3.42038851810974,3.24068783916348,0.179700678946262
8,551200,"YMR217W","YPD.2","CNVs",-0.586308719305336,3.92394128995685,3.3782335867451,0.545707703211752
9,394255,"YMR243C","YPD.1","CNVs",-0.428135466687369,3.74894892434077,3.04250932452722,0.706439599813547
9,394255,"YMR243C","YPD.2","CNVs",-0.409575391349209,3.38298687067671,3.19391031939136,0.189076551285347
16,7933,"YMR317W","YPD.1","CNVs",0.566083078503462,4.67826571728667,3.53466471685946,1.14360100042721
16,7933,"YMR317W","YPD.2","CNVs",0.457361262417909,3.33176411353718,3.30561328068428,0.0261508328528972
10,708811,"YNL007C","YPD.1","CNVs",0.412448982907647,4.42296626496373,3.35092434314001,1.07204192182371
10,708811,"YNL007C","YPD.2","CNVs",0.390452775983051,3.33865914491953,3.25541459540568,0.0832445495138443
2,800523,"YNL098C","YPD.1","CNVs",0.55699666675694,4.49105993101433,3.01622959613811,1.47483033487622
2,800523,"YNL098C","YPD.2","CNVs",0.532712211889934,3.69993868491743,3.49734657565513,0.202592109262297
9,846,"YNL239W","YPD.1","CNVs",0.463769551368809,3.66852471030813,3.3008776085754,0.367647101732731
9,846,"YNL239W","YPD.2","CNVs",0.537950249633974,4.67312181982235,3.25442271473162,1.41869910509073
9,846,"YNL240C","YPD.1","CNVs",0.4708931487199,3.58357108501009,3.32824444705911,0.255326637950974
9,846,"YNL240C","YPD.2","CNVs",0.575749841347186,5.62641319038033,3.146922012137,2.47949117824333
10,26412,"YNL262W","YPD.1","CNVs",-0.411580472054943,3.55404236242009,3.17601254732096,0.378029815099127
10,26412,"YNL262W","YPD.2","CNVs",-0.419599400467437,4.35928572691316,3.13257588087541,1.22670984603775
10,26887,"YNL262W","YPD.1","CNVs",-0.43243890949705,3.84163586852972,3.17601254732096,0.665623321208753
10,26887,"YNL262W","YPD.2","CNVs",-0.442388687015507,4.75783683927596,3.13257588087541,1.62526095840055
2,800523,"YNL301C","YPD.1","CNVs",0.465411958238138,3.25874487301738,2.93359527667718,0.325149596340194
2,800523,"YNL301C","YPD.2","CNVs",0.505040233507671,3.67549686080554,3.05326976301402,0.622227097791515
16,943880,"YNL301C","YPD.1","CNVs",-0.529226235462189,3.04332086853372,2.93359527667718,0.109725591856539
16,943880,"YNL301C","YPD.2","CNVs",-0.536778913191365,3.07557919379445,3.05326976301402,0.0223094307804264
13,922641,"YNL336W","YPD.1","CNVs",0.666714920735132,5.93599465201031,3.20166796265784,2.73432668935247
13,922641,"YNL336W","YPD.2","CNVs",0.582285791877236,4.21592397003911,3.16732993268456,1.04859403735455
9,394917,"YNR022C","YPD.1","CNVs",0.453800355562975,4.61912593707297,3.31362061665811,1.30550532041487
9,394917,"YNR022C","YPD.2","CNVs",0.399082636848761,3.50931437338597,3.27270635652078,0.236608016865191
9,397215,"YNR022C","YPD.1","CNVs",0.453800355562975,4.61912593707297,3.31362061665811,1.30550532041487
9,397215,"YNR022C","YPD.2","CNVs",0.399082636848761,3.50931437338597,3.27270635652078,0.236608016865191
9,397294,"YNR022C","YPD.1","CNVs",0.453800355562975,4.61912593707297,3.31362061665811,1.30550532041487
9,397294,"YNR022C","YPD.2","CNVs",0.399082636848761,3.50931437338597,3.27270635652078,0.236608016865191
9,398514,"YNR022C","YPD.1","CNVs",0.453800355562975,4.61912593707297,3.31362061665811,1.30550532041487
9,398514,"YNR022C","YPD.2","CNVs",0.399082636848761,3.50931437338597,3.27270635652078,0.236608016865191
9,398733,"YNR022C","YPD.1","CNVs",0.453800355562975,4.61912593707297,3.31362061665811,1.30550532041487
9,398733,"YNR022C","YPD.2","CNVs",0.399082636848761,3.50931437338597,3.27270635652078,0.236608016865191
9,399777,"YNR022C","YPD.1","CNVs",0.453800355562975,4.61912593707297,3.31362061665811,1.30550532041487
9,399777,"YNR022C","YPD.2","CNVs",0.399082636848761,3.50931437338597,3.27270635652078,0.236608016865191
2,810340,"YOR003W","YPD.1","CNVs",-0.474165668783192,4.06619440150906,3.08074078537342,0.985453616135632
2,810340,"YOR003W","YPD.2","CNVs",-0.540075972657111,5.25383960213294,3.16134310729124,2.0924964948417
10,708811,"YOR007C","YPD.1","CNVs",0.467895576705236,6.05530259815098,3.18406697504716,2.87123562310382
10,708811,"YOR007C","YPD.2","CNVs",0.384221079112733,3.83233563201006,2.9964029802255,0.835932651784556
9,846,"YOR011W","YPD.1","CNVs",0.571963986419713,5.36935143989815,3.10386201752999,2.26548942236815
9,846,"YOR011W","YPD.2","CNVs",0.439228977228939,3.42360775766542,3.38916515859429,0.034442599071133
2,800523,"YOR049C","YPD.1","CNVs",0.642699469784625,5.68285662040494,3.07361879695079,2.60923782345415
2,800523,"YOR049C","YPD.2","CNVs",0.541353113027225,4.0345337797858,3.08904947403409,0.945484305751709
2,802631,"YOR049C","YPD.1","CNVs",0.470076250931408,3.78859770028409,3.07361879695079,0.714978903333306
2,802631,"YOR049C","YPD.2","CNVs",0.457137317349406,3.36167713083065,3.08904947403409,0.272627656796558
2,805035,"YOR049C","YPD.1","CNVs",0.519607718419408,4.69102993136193,3.07361879695079,1.61741113441114
2,805035,"YOR049C","YPD.2","CNVs",0.474873387708758,3.67787885364346,3.08904947403409,0.588829379609369
2,805351,"YOR049C","YPD.1","CNVs",0.519607718419408,4.69102993136193,3.07361879695079,1.61741113441114
2,805351,"YOR049C","YPD.2","CNVs",0.474873387708758,3.67787885364346,3.08904947403409,0.588829379609369
2,808600,"YOR049C","YPD.1","CNVs",0.504924905013836,4.38424621509562,3.07361879695079,1.31062741814483
2,808600,"YOR049C","YPD.2","CNVs",0.469101121873758,3.55473808168267,3.08904947403409,0.465688607648577
2,809057,"YOR049C","YPD.1","CNVs",0.504924905013836,4.38424621509562,3.07361879695079,1.31062741814483
2,809057,"YOR049C","YPD.2","CNVs",0.469101121873758,3.55473808168267,3.08904947403409,0.465688607648577
13,922641,"YOR106W","YPD.1","CNVs",-0.708487479471981,5.91666937518412,3.23508877230532,2.6815806028788
13,922641,"YOR106W","YPD.2","CNVs",-0.515221320750314,3.64064236524315,3.10184579640066,0.538796568842487
13,923494,"YOR106W","YPD.1","CNVs",-0.571719271564961,4.21129409910149,3.23508877230532,0.976205326796171
13,923494,"YOR106W","YPD.2","CNVs",-0.473320711616123,3.34884365666988,3.10184579640066,0.246997860269218
13,922641,"YOR108W","YPD.1","CNVs",-0.557779868845917,3.85566462451344,3.18467628241959,0.670988342093856
13,922641,"YOR108W","YPD.2","CNVs",-0.623427414945914,4.63915835613994,3.17759309540296,1.46156526073698
3,267434,"YOR202W","YPD.1","CNVs",-0.35827006233754,3.75283173834914,3.05889230278053,0.693939435568609
3,267434,"YOR202W","YPD.2","CNVs",-0.399361697641542,3.63834860588832,3.26086757310207,0.377481032786245
9,846,"YOR285W","YPD.1","CNVs",0.502088419295532,4.29406272605094,3.0501176989636,1.24394502708735
9,846,"YOR285W","YPD.2","CNVs",0.434414606083556,3.50954402593094,3.12298004473694,0.386563981194004
13,923494,"YOR316C","YPD.1","CNVs",-0.509317375946889,3.60313060306429,3.42280751443949,0.180323088624802
13,923494,"YOR316C","YPD.2","CNVs",-0.504611000431936,3.43131131567164,3.0711222409737,0.36018907469794
9,846,"YOR336W","YPD.1","CNVs",0.415021706968327,3.51566887317997,3.34542380878363,0.170245064396332
9,846,"YOR336W","YPD.2","CNVs",0.454479370083831,3.29237591733199,3.07437881798083,0.21799709935116
2,800523,"YPL091W","YPD.1","CNVs",-0.507811029518067,3.6052686933361,3.58912174885702,0.0161469444790834
2,800523,"YPL091W","YPD.2","CNVs",-0.541003270575283,3.8215378504002,3.04136352601354,0.780174324386663
9,846,"YPL258C","YPD.1","CNVs",0.522160243017542,5.89680063853136,3.39436401551998,2.50243662301138
9,846,"YPL258C","YPD.2","CNVs",0.562418054244176,5.25081218248457,3.36101211866551,1.88980006381907
9,394255,"YPR069C","YPD.1","CNVs",-0.500677081219223,5.22799687426145,3.42326921054447,1.80472766371697
9,394255,"YPR069C","YPD.2","CNVs",-0.428529408182939,3.84718648996865,3.65357799332553,0.193608496643114
8,558014,"YPR166C","YPD.1","CNVs",-0.481424889716307,3.5688121930995,3.48369286427178,0.0851193288277226
8,558014,"YPR166C","YPD.2","CNVs",-0.490356504077565,3.54864142429334,3.32566037100068,0.222981053292656
8,559932,"YPR166C","YPD.1","CNVs",-0.498869552586917,3.97130045290475,3.48369286427178,0.487607588632977
8,559932,"YPR166C","YPD.2","CNVs",-0.492075339073517,3.71253404599971,3.32566037100068,0.386873674999031
8,560173,"YPR166C","YPD.1","CNVs",-0.456944034159977,3.69410284023608,3.48369286427178,0.210409975964302
8,560173,"YPR166C","YPD.2","CNVs",-0.483045333960434,3.86419721033865,3.32566037100068,0.538536839337966
8,561199,"YPR166C","YPD.1","CNVs",-0.456944034159977,3.69410284023608,3.48369286427178,0.210409975964302
8,561199,"YPR166C","YPD.2","CNVs",-0.483045333960434,3.86419721033865,3.32566037100068,0.538536839337966
16,921860,"YPR192W","YPD.1","CNVs",0.437047333060773,4.51368412855981,3.52216841703589,0.991515711523917
16,921860,"YPR192W","YPD.2","CNVs",0.457522382776277,5.05290775796899,3.01120345450731,2.04170430346168
16,922909,"YPR192W","YPD.1","CNVs",0.406862180646181,4.11278269958301,3.52216841703589,0.590614282547118
16,922909,"YPR192W","YPD.2","CNVs",0.428257024813519,4.63815343857964,3.01120345450731,1.62694998407233
16,938148,"YPR192W","YPD.1","CNVs",0.427657645471577,4.1374305322928,3.52216841703589,0.615262115256912
16,938148,"YPR192W","YPD.2","CNVs",0.491158799048077,5.6268450973865,3.01120345450731,2.61564164287919
16,939279,"YPR192W","YPD.1","CNVs",0.427657645471577,4.1374305322928,3.52216841703589,0.615262115256912
16,939279,"YPR192W","YPD.2","CNVs",0.491158799048077,5.6268450973865,3.01120345450731,2.61564164287919
16,939922,"YPR192W","YPD.1","CNVs",0.429046955051737,4.12312980739539,3.52216841703589,0.600961390359502
16,939922,"YPR192W","YPD.2","CNVs",0.494357844478335,5.64478912104469,3.01120345450731,2.63358566653738
