"condition","strain","r","n_cells_r1","median_umi_r1","n_cells_r2","median_umi_r2","mean_cells","min_cells"
"YPD","CLI",0.959337832545337,279,14725,498,7416,388.5,279
"YPD","BMA",0.935281395462784,292,14171.5,109,7467,200.5,109
"YPD","BAI",0.942342124735257,412,14832.5,310,4599.5,361,310
"YPD","ANG",0.920916635066202,301,14138,143,3462,222,143
"YPD","BAP",0.934811367520425,235,14178,343,4280,289,235
"YPD","BCK",0.951035228506947,356,9066,345,4973,350.5,345
"YPD","CDT",0.937773856792086,124,12124.5,327,3954,225.5,124
"YPD","CLB",0.942800140949134,329,15263,429,5064,379,329
"YPD","CDE",0.951594654238705,300,16036,511,4829,405.5,300
"YPD","BDP",0.938767019048446,268,8365,280,3356,274,268
"YPD","CGN",0.944188779592497,370,16780.5,319,3655,344.5,319
"YPD","BHQ",0.958286126742187,454,9332.5,731,6698,592.5,454
"YPD","SACE_YCR",0.946002953649808,352,15761,307,5897,329.5,307
"YPD","CCD",0.927708460952187,299,15858,110,5133.5,204.5,110
"YPD","BEF",0.948782418436652,277,14665,501,3715,389,277
"YPD","BAK",0.931070067662511,376,14838.5,197,3953,286.5,197
"YPD","BMB",0.93840381096914,279,13568,138,5772,208.5,138
"YPD","CNH",0.928526183051025,38,17125,110,7689.5,74,38
"YPD","CCN",0.924860310539503,75,19314,289,4145,182,75
"YPD","CPI",0.935188999496571,308,11004.5,296,3472.5,302,296
"YPD","BAF",0.914591055214358,139,14602,202,2840.5,170.5,139
"YPD","CCV",0.934101421294261,382,13914,209,3414,295.5,209
"YPD","BGD",0.768185199581159,77,7793,51,927,64,51
"YPD","BFH",0.878798485575773,110,10363.5,104,1468.5,107,104
"YPD","BHK",0.917320934888176,200,12953,246,2423.5,223,200
"YPD","ANN",0.955802607917118,384,15453.5,289,6989,336.5,289
"YPD","SACE_YCE",0.903970755392252,63,11479,119,3908,91,63
"YPD","CCG",0.896443856022735,132,15136,55,5133,93.5,55
"YPD","BAN",0.933397633617416,240,15223,331,4195,285.5,240
"YPD","CCS",0.943993693497971,396,16379,297,5717,346.5,297
"YPD","CQF",0.953865018407095,386,15676.5,251,5678,318.5,251
"YPD","CGS",0.945080093722099,275,14669,402,5026,338.5,275
"YPD","CQD",0.942943801975016,394,14687,328,4785.5,361,328
"YPD","AKM",0.922530504615092,205,14617,54,7612.5,129.5,54
"YPD","AKI",0.905751891239797,75,12651,195,1576,135,75
"YPD","BDL",0.93772436037901,48,17392,107,7937,77.5,48
"YPD","CCR",0.946775709556784,458,12877.5,349,4421,403.5,349
"YPD","CPN",0.94022222830235,315,9816,300,3524,307.5,300
"YPD","BHG",0.932091998247031,163,11431,308,4234,235.5,163
"YPD","CDL",0.941600006420466,392,14954,301,4356,346.5,301
"YPD","CMI",0.952648155442264,312,13962.5,314,6862.5,313,312
"YPD","CGL",0.950487435504469,212,9762,481,4814,346.5,212
"YPD","BNC",0.948379375257025,243,8074,330,5516,286.5,243
"YPD","BBQ",0.937746793486487,235,14159,354,4238.5,294.5,235
"YPD","CLP",0.951307447357359,176,10859,240,6349,208,176
"YPD","BAG",0.92223740828319,106,14667.5,171,3865,138.5,106
"YPD","BAM",0.908229677487513,377,15749,53,4762,215,53
"YPD","CAE",0.940982176776044,176,14744,493,6276,334.5,176
"YPD","SACE_YCU",0.824347260415817,162,16406.5,21,3340,91.5,21
"YPD","AMP",0.906919443815884,62,15591.5,125,3771,93.5,62
"YPD","BMC",0.880780799152486,128,14577,29,7021,78.5,29
"YPD","SACE_YCK",0.920456564169491,58,6071,420,3761.5,239,58
"YPD","BVG",0.940172065652475,124,15661.5,219,5748,171.5,124
"YPD","BAL",0.937066147432632,562,12220.5,638,3327,600,562
"YPD","BNV",0.944880578684502,179,14201,493,4954,336,179
"YPD","BFP",0.930886513890985,254,13834,341,3893,297.5,254
"YPD","CPK",0.948427610160635,351,10374,313,4544,332,313
"YPD","SACE_YCM",0.790081531323213,50,14184,15,4485,32.5,15
"YPD","BQM",0.936042441102954,125,14667,576,3887,350.5,125
"YPD","ATS",0.921576588614101,184,11980,480,2156,332,184
"YPD","CCQ",0.943844366871941,295,13762,337,5279,316,295
"YPD","BRK",0.920847084503269,43,16360,246,6074,144.5,43
"YPD","BGF",0.815167817060339,101,9887,64,1055.5,82.5,64
"YPD","AKH",0.910579696976243,166,14158.5,176,2127,171,166
"YPD","CBN",0.951928287392014,50,42162,215,15326,132.5,50
"YPD","CEG",0.914973699237633,127,7467,216,2764,171.5,127
"YPD","APQ",0.815381035590969,27,11250,63,1731,45,27
"YPD","CLN",0.94816168400861,91,19296,381,9437,236,91
"YPD","AAP",0.917734901489962,35,14738,76,8920,55.5,35
"YPD","AFE",0.936821291566918,55,28024,123,6855,89,55
"YPD","AVI",0.709649963543949,13,15546,8,3610,10.5,8
"YPD","CFF",0.926808219488705,134,12303.5,310,3099,222,134
"YPD","BHM",0.918985918558656,59,11444,275,3503,167,59
"YPD","BTG",0.830928403043644,11,14381,149,5619,80,11
"YPD","BDB",0.863449936697775,112,13529.5,275,1764,193.5,112
"YPD","CDH",0.83117174675817,36,17488,10,10370,23,10
"YPD","SACE_YAG",0.830662828790022,8,18428,91,4618,49.5,8
"YPD","SACE_YDE",0.587546054697071,10,18746.5,7,2685,8.5,7
"YPD","ALS",0.784481831090603,7,11240,222,2981,114.5,7
"Fluconazole","CLP",0.800046205473952,43,2958,34,7585,38.5,34
"Fluconazole","CDT",0.854967173841351,81,4387,83,4981,82,81
"Fluconazole","CGS",0.884776527982803,167,1723,84,6903.5,125.5,84
"Fluconazole","CLB",0.728293894240439,37,1087,33,6630,35,33
"Fluconazole","ATS",0.929180628974338,253,2088,207,5238,230,207
"Fluconazole","CPI",0.755348308297075,237,1394,11,5548,124,11
"Fluconazole","CCR",0.730541676808197,37,987,46,8490.5,41.5,37
"Fluconazole","AAP",0.774169575270435,78,3586,7,4239,42.5,7
"Fluconazole","BGD",0.769783406022177,43,2838,28,3415,35.5,28
"Fluconazole","BGF",0.74721424887612,45,1261,36,4891,40.5,36
"Fluconazole","BAP",0.80034936458924,83,1041,58,5309,70.5,58
"Fluconazole","CPN",0.663860647369092,70,1372,13,3747,41.5,13
"Fluconazole","CCS",0.732375474166146,43,900,42,4959,42.5,42
"Fluconazole","BAK",0.769353424081058,84,1379,39,6761,61.5,39
"Fluconazole","BNC",0.758523134961286,140,3796.5,8,5263,74,8
"Fluconazole","CFF",0.774541722478298,41,3532,32,4941.5,36.5,32
"Fluconazole","AMP",0.890919659907373,56,2521,100,7640.5,78,56
"Fluconazole","CGL",0.751930440729075,31,1559,66,5590,48.5,31
"Fluconazole","BHK",0.863697594027256,169,2148,69,6555,119,69
"Fluconazole","CCV",0.932326033962633,346,3119,83,7689,214.5,83
"Fluconazole","CPK",0.718410443049684,140,2597,8,5219.5,74,8
"Fluconazole","CQD",0.834045898639671,132,1524.5,90,6709,111,90
"Fluconazole","BQM",0.887280547380778,101,1464,134,6620.5,117.5,101
"Fluconazole","BAN",0.819714859703315,98,1833.5,68,4837.5,83,68
"Fluconazole","CAE",0.838823072217054,60,1382.5,120,5665.5,90,60
"Fluconazole","BDB",0.882683949075936,62,5691.5,146,8124,104,62
"Fluconazole","BHQ",0.826523625260637,134,1169.5,23,6493,78.5,23
"Fluconazole","BCK",0.728088530682642,147,1568,9,5729,78,9
"Fluconazole","CBN",0.887877190785355,86,8224.5,30,5346,58,30
"Fluconazole","BNV",0.922580562507862,176,3752.5,226,6071.5,201,176
"Fluconazole","BHM",0.872219022293037,56,3595,48,7862,52,48
"Fluconazole","AQA",0.724495337612047,9,2864,93,5688,51,9
"Fluconazole","CEG",0.613143916011784,20,722.5,7,4165,13.5,7
"Fluconazole","BAI",0.71173024348687,55,1021,43,7513,49,43
"Fluconazole","BHG",0.7579694380981,30,1135.5,50,3181,40,30
"Fluconazole","AKI",0.896756504297643,70,3736,67,8117,68.5,67
"Fluconazole","ANN",0.805026743607708,119,1159,22,9367.5,70.5,22
"Fluconazole","BFH",0.771323930477657,41,2584,58,4198,49.5,41
"Fluconazole","BAL",0.743909736811149,71,884,48,5125,59.5,48
"Fluconazole","BAG",0.766058286322644,42,1988.5,57,6530,49.5,42
"Fluconazole","BBQ",0.848237892010931,71,1196,85,4974,78,71
"Fluconazole","CQF",0.807080219037221,116,1806.5,22,12214,69,22
"Fluconazole","BVG",0.852467898669951,118,2853.5,90,5747.5,104,90
"Fluconazole","APQ",0.894120853714967,37,4427,206,10042.5,121.5,37
"Fluconazole","BEF",0.856556193864562,160,2063,72,6732.5,116,72
"Fluconazole","CLN",0.890659951845578,54,3925.5,59,10190,56.5,54
"Fluconazole","CMI",0.603751212103411,17,944,12,2605,14.5,12
"Fluconazole","CCQ",0.785294578883421,63,1522,44,7440,53.5,44
"Fluconazole","BFP",0.807034762580245,50,1581.5,61,4226,55.5,50
"Fluconazole","BDL",0.741859052220806,65,4920,9,2640,37,9
"Fluconazole","BAF",0.731922026266801,31,1553,108,5847.5,69.5,31
"Fluconazole","CNK",0.793279048614744,22,5292,13,13219,17.5,13
"Fluconazole","ALS",0.840846807902718,13,5991,135,8918,74,13
"Fluconazole","CCN",0.826220559753188,32,1381.5,52,7184,42,32
"Fluconazole","CDL",0.796721078965132,66,1537.5,47,6970,56.5,47
"Fluconazole","BRK",0.888083265769906,56,1726.5,179,7024,117.5,56
"Fluconazole","AFE",0.676829545961604,18,1592.5,21,4278,19.5,18
"Fluconazole","CLI",0.724215496701669,32,1018,110,5223.5,71,32
"Fluconazole","CGN",0.706362552104883,26,1454,112,5917.5,69,26
"Fluconazole","SACE_YCE",0.748607180673367,21,1284,45,5292,33,21
"Fluconazole","CNH",0.729809333585089,22,3850,26,4885.5,24,22
"Fluconazole","AKH",0.854516257062658,109,1649,184,6819,146.5,109
"Fluconazole","SACE_YCR",0.776052459515918,46,2731,47,8497,46.5,46
"Fluconazole","CDE",0.681901859524564,17,2618,67,6499,42,17
