ID,Description,GeneRatio,BgRatio,RichFactor,FoldEnrichment,zScore,pvalue,p.adjust,qvalue,geneID,Count,direction,clade
GO:0045333,cellular respiration,14/47,94/4986,0.14893617021276595,15.799909461294702,14.12998687449353,5.46196474785009e-14,1.715056930824928e-11,1.3913636515576019e-11,YDL066W/YDR298C/YOR136W/YLL041C/YLR038C/YLR304C/YPL262W/YMR002W/YBL030C/YKL109W/YKL085W/YHR001W-A/YFL018C/YFR049W,14,Upregulated,18. Far East Asia
GO:0015980,energy derivation by oxidation of organic compounds,15/47,143/4986,0.1048951048951049,11.127808361850914,11.98638592280657,1.1983553203967218e-12,1.8814178530228532e-10,1.526326250189509e-10,YDL066W/YDR298C/YOR136W/YLL041C/YLR038C/YLR304C/YPL262W/YMR002W/YMR145C/YBL030C/YKL109W/YKL085W/YHR001W-A/YFL018C/YFR049W,15,Upregulated,18. Far East Asia
GO:0009060,aerobic respiration,12/47,80/4986,0.15,15.912765957446808,13.116000387239783,4.146611542258248e-12,4.340120080896967e-10,3.5209824323736703e-10,YDL066W/YDR298C/YOR136W/YLL041C/YLR038C/YLR304C/YPL262W/YMR002W/YBL030C/YKL085W/YHR001W-A/YFR049W,12,Upregulated,18. Far East Asia
GO:0006091,generation of precursor metabolites and energy,15/47,186/4986,0.08064516129032258,8.555250514756349,10.243461034641093,5.672999487164459e-11,4.4533045974241006e-9,3.6128049365626297e-9,YDL066W/YDR298C/YOR136W/YLL041C/YLR038C/YLR304C/YPL262W/YMR002W/YMR145C/YBL030C/YKL109W/YKL085W/YHR001W-A/YFL018C/YFR049W,15,Upregulated,18. Far East Asia
GO:0006099,tricarboxylic acid cycle,7/47,26/4986,0.2692307692307692,28.561374795417347,13.74385959636676,2.390213003666287e-9,1.501053766302428e-7,1.2177506250257716e-7,YDL066W/YOR136W/YLL041C/YLR304C/YPL262W/YKL085W/YFR049W,7,Upregulated,18. Far East Asia
GO:0009145,purine nucleoside triphosphate biosynthetic process,5/47,20/4986,0.25,26.52127659574468,11.155165856124691,8.34866288896275e-7,3.7449716387632904e-5,3.0381600287653924e-5,YDR298C/YDR322C-A/YPL078C/YKL067W/YKL016C,5,Upregulated,18. Far East Asia
GO:0009206,purine ribonucleoside triphosphate biosynthetic process,5/47,20/4986,0.25,26.52127659574468,11.155165856124691,8.34866288896275e-7,3.7449716387632904e-5,3.0381600287653924e-5,YDR298C/YDR322C-A/YPL078C/YKL067W/YKL016C,5,Upregulated,18. Far East Asia
GO:0009201,ribonucleoside triphosphate biosynthetic process,5/47,23/4986,0.21739130434782608,23.061979648473635,10.34423211742386,1.7740382029472553e-6,6.963099946567977e-5,5.648911119910997e-5,YDR298C/YDR322C-A/YPL078C/YKL067W/YKL016C,5,Upregulated,18. Far East Asia
GO:0009142,nucleoside triphosphate biosynthetic process,5/47,26/4986,0.19230769230769232,20.400981996726678,9.674567200435366,3.3954969868887855e-6,1.1846511709811984e-4,9.61064644242206e-5,YDR298C/YDR322C-A/YPL078C/YKL067W/YKL016C,5,Upregulated,18. Far East Asia
GO:0043648,dicarboxylic acid metabolic process,6/47,47/4986,0.1276595744680851,13.542779538252603,8.427236886202884,4.0530169733360125e-6,1.2726473296275078e-4,1.0324527447866475e-4,YDL066W/YOR136W/YPL262W/YKL085W/YFL018C/YFR049W,6,Upregulated,18. Far East Asia
GO:0006754,ATP biosynthetic process,4/47,16/4986,0.25,26.52127659574468,9.973467769673999,1.1615049616108351e-5,3.0392713162150184e-4,2.4656508834194923e-4,YDR298C/YDR322C-A/YPL078C/YKL016C,4,Upregulated,18. Far East Asia
GO:0015986,proton motive force-driven ATP synthesis,4/47,16/4986,0.25,26.52127659574468,9.973467769673999,1.1615049616108351e-5,3.0392713162150184e-4,2.4656508834194923e-4,YDR298C/YDR322C-A/YPL078C/YKL016C,4,Upregulated,18. Far East Asia
GO:0009152,purine ribonucleotide biosynthetic process,5/47,40/4986,0.125,13.26063829787234,7.594129825021409,3.077578825503777e-5,7.433536547755276e-4,6.030559317991206e-4,YDR298C/YDR322C-A/YPL078C/YKL067W/YKL016C,5,Upregulated,18. Far East Asia
GO:1902600,proton transmembrane transport,6/47,75/4986,0.08,8.486808510638298,6.3724199296422706,6.232110000928769e-5,0.0013977732430654525,0.0011339628723494454,YDR298C/YDR322C-A/YLR038C/YPL078C/YKL016C/YHR001W-A,6,Upregulated,18. Far East Asia
GO:0009205,purine ribonucleoside triphosphate metabolic process,5/47,48/4986,0.10416666666666667,11.050531914893616,6.824897292526087,7.569995490150349e-5,0.0015846523892714729,0.0012855711639413224,YDR298C/YDR322C-A/YPL078C/YKL067W/YKL016C,5,Upregulated,18. Far East Asia
GO:0009144,purine nucleoside triphosphate metabolic process,5/47,50/4986,0.1,10.608510638297872,6.660632914668946,9.235962394735331e-5,0.0018125576199668088,0.0014704624338986517,YDR298C/YDR322C-A/YPL078C/YKL067W/YKL016C,5,Upregulated,18. Far East Asia
GO:0009199,ribonucleoside triphosphate metabolic process,5/47,52/4986,0.09615384615384616,10.200490998363339,6.505416415176922,1.1170850298296403e-4,0.002063321760979453,0.0016738983109521547,YDR298C/YDR322C-A/YPL078C/YKL067W/YKL016C,5,Upregulated,18. Far East Asia
GO:0009260,ribonucleotide biosynthetic process,5/47,53/4986,0.09433962264150944,10.008028904054596,6.430935374503283,1.224797291016541e-4,0.00213659082988441,0.0017333388562924146,YDR298C/YDR322C-A/YPL078C/YKL067W/YKL016C,5,Upregulated,18. Far East Asia
GO:0006812,monoatomic cation transport,8/47,168/4986,0.047619047619047616,5.051671732522796,5.210957027056872,1.4389414327926295e-4,0.0023722084142103537,0.0019244868797817824,YDR298C/YDR322C-A/YLL009C/YLR038C/YPL078C/YBL030C/YKL016C/YHR001W-A,8,Upregulated,18. Far East Asia
GO:0006163,purine nucleotide metabolic process,7/47,126/4986,0.05555555555555555,5.8936170212765955,5.4269911482610125,1.510960773382391e-4,0.0023722084142103537,0.0019244868797817824,YDL066W/YDR298C/YDR322C-A/YPL078C/YMR145C/YKL067W/YKL016C,7,Upregulated,18. Far East Asia
GO:0072521,purine-containing compound metabolic process,8/47,172/4986,0.046511627906976744,4.93419099455715,5.121870782474228,1.695234928858204e-4,0.002534779846007029,0.002056375201923235,YDL066W/YDR298C/YDR322C-A/YOR317W/YPL078C/YMR145C/YKL067W/YKL016C,8,Upregulated,18. Far East Asia
GO:0009141,nucleoside triphosphate metabolic process,5/47,59/4986,0.0847457627118644,8.990263252794806,6.022236545334091,2.0484140684989686e-4,0.0027965305109072876,0.0022687240484061807,YDR298C/YDR322C-A/YPL078C/YKL067W/YKL016C,5,Upregulated,18. Far East Asia
GO:0046390,ribose phosphate biosynthetic process,5/47,59/4986,0.0847457627118644,8.990263252794806,6.022236545334091,2.0484140684989686e-4,0.0027965305109072876,0.0022687240484061807,YDR298C/YDR322C-A/YPL078C/YKL067W/YKL016C,5,Upregulated,18. Far East Asia
GO:0006164,purine nucleotide biosynthetic process,5/47,62/4986,0.08064516129032258,8.555250514756349,5.839123877623463,2.5923811718191566e-4,0.0033912215518972573,0.00275117537901152,YDR298C/YDR322C-A/YPL078C/YKL067W/YKL016C,5,Upregulated,18. Far East Asia
GO:0006811,monoatomic ion transport,8/47,184/4986,0.043478260869565216,4.612395929694727,4.87029396078914,2.700017159153867e-4,0.0033912215518972573,0.00275117537901152,YDR298C/YDR322C-A/YLL009C/YLR038C/YPL078C/YBL030C/YKL016C/YHR001W-A,8,Upregulated,18. Far East Asia
GO:0009150,purine ribonucleotide metabolic process,5/47,69/4986,0.07246376811594203,7.687326549491213,5.456183516711709,4.2860237131394e-4,0.005176197868945275,0.004199262099513096,YDR298C/YDR322C-A/YPL078C/YKL067W/YKL016C,5,Upregulated,18. Far East Asia
GO:0098660,inorganic ion transmembrane transport,7/47,152/4986,0.046052631578947366,4.8854983202687565,4.745447725497831,4.8099426756719404e-4,0.005593785185781442,0.004538035584844482,YDR298C/YDR322C-A/YLR038C/YPL078C/YJR077C/YKL016C/YHR001W-A,7,Upregulated,18. Far East Asia
GO:0046034,ATP metabolic process,4/47,44/4986,0.09090909090909091,9.644100580270793,5.617677149617641,7.140354328849209e-4,0.008007397354495183,0.00649611183301319,YDR298C/YDR322C-A/YPL078C/YKL016C,4,Upregulated,18. Far East Asia
GO:0009117,nucleotide metabolic process,7/47,169/4986,0.04142011834319527,4.394057660833439,4.378609777665845,9.081583562670151e-4,0.009833162891994577,0.007977289372653998,YDL066W/YDR298C/YDR322C-A/YPL078C/YMR145C/YKL067W/YKL016C,7,Upregulated,18. Far East Asia
GO:0006753,nucleoside phosphate metabolic process,8/47,223/4986,0.03587443946188341,3.8057437267436316,4.181404078859186,9.793107193591852e-4,0.010164591158724734,0.008246165137148462,YDL066W/YDR298C/YDR322C-A/YOR317W/YPL078C/YMR145C/YKL067W/YKL016C,8,Upregulated,18. Far East Asia
GO:0009259,ribonucleotide metabolic process,5/47,83/4986,0.060240963855421686,6.390669059215585,4.830730033027139,0.0010035105921033973,0.010164591158724734,0.008246165137148462,YDR298C/YDR322C-A/YPL078C/YKL067W/YKL016C,5,Upregulated,18. Far East Asia
GO:0072522,purine-containing compound biosynthetic process,5/47,84/4986,0.05952380952380952,6.314589665653496,4.791645999692605,0.001059553731221086,0.010396870987606907,0.008434605360378383,YDR298C/YDR322C-A/YPL078C/YKL067W/YKL016C,5,Upregulated,18. Far East Asia
GO:0055086,nucleobase-containing small molecule metabolic process,8/47,235/4986,0.03404255319148936,3.6114078768673608,4.000167001356285,0.0013766772661006391,0.013099292774412142,0.010626982404987391,YDL066W/YDR298C/YDR322C-A/YOR317W/YPL078C/YMR145C/YKL067W/YKL016C,8,Upregulated,18. Far East Asia
GO:0019693,ribose phosphate metabolic process,5/47,90/4986,0.05555555555555555,5.8936170212765955,4.569750883105636,0.0014461284447264704,0.013117160076569991,0.010641477500938445,YDR298C/YDR322C-A/YPL078C/YKL067W/YKL016C,5,Upregulated,18. Far East Asia
GO:0098662,inorganic cation transmembrane transport,6/47,134/4986,0.04477611940298507,4.750079390282629,4.292343427208679,0.0014621038301909225,0.013117160076569991,0.010641477500938445,YDR298C/YDR322C-A/YLR038C/YPL078C/YKL016C/YHR001W-A,6,Upregulated,18. Far East Asia
GO:0009165,nucleotide biosynthetic process,5/47,92/4986,0.05434782608695652,5.765494912118409,4.50020127724118,0.0015955819530575706,0.013907801303438869,0.0112828961295079,YDR298C/YDR322C-A/YPL078C/YKL067W/YKL016C,5,Upregulated,18. Far East Asia
GO:0098655,monoatomic cation transmembrane transport,6/47,137/4986,0.043795620437956206,4.646063053269142,4.221048707544066,0.0016388173510421598,0.013907801303438869,0.0112828961295079,YDR298C/YDR322C-A/YLR038C/YPL078C/YKL016C/YHR001W-A,6,Upregulated,18. Far East Asia
GO:0034220,monoatomic ion transmembrane transport,6/47,145/4986,0.041379310344827586,4.3897285399853265,4.040576902830201,0.002190181662438328,0.01809781689488513,0.014682104219115661,YDR298C/YDR322C-A/YLR038C/YPL078C/YKL016C/YHR001W-A,6,Upregulated,18. Far East Asia
GO:0007005,mitochondrion organization,7/47,200/4986,0.035,3.7129787234042557,3.81976843628655,0.0024152397721327592,0.019445776626915035,0.015775655191798323,YDR322C-A/YLL009C/YLR038C/YLR304C/YMR002W/YBR262C/YJL180C,7,Upregulated,18. Far East Asia
GO:0006119,oxidative phosphorylation,3/47,31/4986,0.0967741935483871,10.266300617707618,5.048093615858155,0.002933076506338728,0.023024650574759015,0.01867906617194664,YDR298C/YLR038C/YHR001W-A,3,Upregulated,18. Far East Asia
GO:0015918,sterol transport,3/47,32/4986,0.09375,9.945478723404255,4.95179403501137,0.003215242888574518,0.024624055292985333,0.0199766053667531,YPL145C/YKR003W/YKR013W,3,Upregulated,18. Far East Asia
GO:0030011,maintenance of cell polarity,2/47,10/4986,0.2,21.217021276595744,6.242218687708993,0.003730090892121744,0.02788687000300542,0.022623608919635642,YPL145C/YKR003W,2,Upregulated,18. Far East Asia
GO:0042407,cristae formation,2/47,11/4986,0.18181818181818182,19.288201160541586,5.922878003299398,0.0045316924847631735,0.03309189395850317,0.026846256580481963,YDR322C-A/YBR262C,2,Upregulated,18. Far East Asia
GO:1901293,nucleoside phosphate biosynthetic process,5/47,119/4986,0.04201680672268908,4.457357411049527,3.723480490706449,0.004903353411568295,0.034992112982555564,0.028387835540658556,YDR298C/YDR322C-A/YPL078C/YKL067W/YKL016C,5,Upregulated,18. Far East Asia
GO:0008219,cell death,3/47,41/4986,0.07317073170731707,7.762324857291126,4.2409856965922295,0.0065129235435937415,0.04439468866071629,0.03601580508177452,YDR032C/YMR145C/YBL030C,3,Upregulated,18. Far East Asia
GO:0012501,programmed cell death,3/47,41/4986,0.07317073170731707,7.762324857291126,4.2409856965922295,0.0065129235435937415,0.04439468866071629,0.03601580508177452,YDR032C/YMR145C/YBL030C,3,Upregulated,18. Far East Asia
GO:0006869,lipid transport,4/47,81/4986,0.04938271604938271,5.238770685579196,3.751672526727467,0.006786449222020324,0.04439468866071629,0.03601580508177452,YOR317W/YPL145C/YKR003W/YKR013W,4,Upregulated,18. Far East Asia
GO:0010876,lipid localization,4/47,81/4986,0.04938271604938271,5.238770685579196,3.751672526727467,0.006786449222020324,0.04439468866071629,0.03601580508177452,YOR317W/YPL145C/YKR003W/YKR013W,4,Upregulated,18. Far East Asia
GO:0006796,phosphate-containing compound metabolic process,10/47,443/4986,0.022573363431151242,2.3946976610153214,2.999663678612518,0.007114664808502531,0.045591933670812136,0.03698708665215065,YDL066W/YDR298C/YDR322C-A/YOR317W/YGR157W/YPL078C/YMR145C/YKL067W/YKL016C/YCR036W,10,Upregulated,18. Far East Asia
GO:0006536,glutamate metabolic process,2/47,14/4986,0.14285714285714285,15.155015197568387,5.1733372982036805,0.007364129667468816,0.04624673431170417,0.03751830272689376,YDL066W/YOR136W,2,Upregulated,18. Far East Asia
GO:0042254,ribosome biogenesis,17/43,399/4986,0.042606516290726815,4.940374191292184,7.652988267342129,9.785817783532535e-9,4.247044918053121e-6,3.4610892371230866e-6,YDL208W/YDR496C/YGL120C/YGR245C/YPR102C/YNL308C/YNL132W/YJL033W/YJL010C/YJR002W/YKL099C/YKL082C/YKR081C/YHR089C/YIR012W/YIR026C/YCL059C,17,Downregulated,18. Far East Asia
GO:0022613,ribonucleoprotein complex biogenesis,17/43,473/4986,0.035940803382663845,4.167461527115393,6.752751312758483,1.2556228723942268e-7,2.724701633095472e-5,2.2204699217076853e-5,YDL208W/YDR496C/YGL120C/YGR245C/YPR102C/YNL308C/YNL132W/YJL033W/YJL010C/YJR002W/YKL099C/YKL082C/YKR081C/YHR089C/YIR012W/YIR026C/YCL059C,17,Downregulated,18. Far East Asia
GO:0006364,rRNA processing,12/43,286/4986,0.04195804195804196,4.8651813302976095,6.278782868073354,3.107484480916779e-6,4.495494215726273e-4,3.663560651186097e-4,YDL208W/YGL120C/YNL308C/YNL132W/YJL033W/YJL010C/YJR002W/YKL099C/YKL082C/YKR081C/YHR089C/YCL059C,12,Downregulated,18. Far East Asia
GO:0042273,ribosomal large subunit biogenesis,8/43,125/4986,0.064,7.421023255813953,6.780597149095982,8.658158693546985e-6,6.783447786334666e-4,5.528106854737929e-4,YDR496C/YGL120C/YGR245C/YPR102C/YKL082C/YKR081C/YIR012W/YIR026C,8,Downregulated,18. Far East Asia
GO:0000460,maturation of 5.8S rRNA,7/43,90/4986,0.07777777777777778,9.018604651162791,7.159304852046948,9.378038414287558e-6,6.783447786334666e-4,5.528106854737929e-4,YGL120C/YNL308C/YJL010C/YJR002W/YKL099C/YKR081C/YCL059C,7,Downregulated,18. Far East Asia
GO:0000466,"maturation of 5.8S rRNA from tricistronic rRNA transcript (SSU-rRNA, 5.8S rRNA, LSU-rRNA)",7/43,90/4986,0.07777777777777778,9.018604651162791,7.159304852046948,9.378038414287558e-6,6.783447786334666e-4,5.528106854737929e-4,YGL120C/YNL308C/YJL010C/YJR002W/YKL099C/YKR081C/YCL059C,7,Downregulated,18. Far East Asia
GO:0042274,ribosomal small subunit biogenesis,8/43,140/4986,0.05714285714285714,6.625913621262458,6.297046156929697,1.9983763651607304e-5,0.001100537276188633,8.968724831418401e-4,YGL120C/YNL308C/YNL132W/YJL010C/YJR002W/YKL099C/YKL082C/YCL059C,8,Downregulated,18. Far East Asia
GO:0016072,rRNA metabolic process,12/43,343/4986,0.03498542274052478,4.056681808936199,5.471034512933222,2.0286401404398763e-5,0.001100537276188633,8.968724831418401e-4,YDL208W/YGL120C/YNL308C/YNL132W/YJL033W/YJL010C/YJR002W/YKL099C/YKL082C/YKR081C/YHR089C/YCL059C,12,Downregulated,18. Far East Asia
GO:0000447,"endonucleolytic cleavage in ITS1 to separate SSU-rRNA from 5.8S rRNA and LSU-rRNA from tricistronic rRNA transcript (SSU-rRNA, 5.8S rRNA, LSU-rRNA)",5/43,43/4986,0.11627906976744186,13.482963764196862,7.667047189460218,2.837635802632084e-5,0.0013683710426025827,0.0011151410873501523,YNL308C/YJL010C/YJR002W/YKL099C/YCL059C,5,Downregulated,18. Far East Asia
GO:0030490,maturation of SSU-rRNA,7/43,115/4986,0.06086956521739131,7.058038422649141,6.129758757192147,4.687644640411551e-5,0.0020344377739386133,0.001657945893871875,YGL120C/YNL308C/YNL132W/YJL010C/YJR002W/YKL099C/YCL059C,7,Downregulated,18. Far East Asia
GO:0000479,"endonucleolytic cleavage of tricistronic rRNA transcript (SSU-rRNA, 5.8S rRNA, LSU-rRNA)",5/43,58/4986,0.08620689655172414,9.99599037690457,6.426864347108307,1.2276236653803476e-4,0.004843533370682462,0.003947191881031548,YNL308C/YJL010C/YJR002W/YKL099C/YCL059C,5,Downregulated,18. Far East Asia
GO:0019878,lysine biosynthetic process via aminoadipic acid,3/43,13/4986,0.23076923076923078,26.758497316636856,8.672703003538688,1.6094432180861897e-4,0.005820819638745052,0.004743622116464559,YDL182W/YNR050C/YIL094C,3,Downregulated,18. Far East Asia
GO:0000462,"maturation of SSU-rRNA from tricistronic rRNA transcript (SSU-rRNA, 5.8S rRNA, LSU-rRNA)",6/43,101/4986,0.0594059405940594,6.888326041906516,5.575601882091266,1.9773315384007825e-4,0.006601245289737997,0.005379622646985125,YGL120C/YNL308C/YJL010C/YJR002W/YKL099C/YCL059C,6,Downregulated,18. Far East Asia
GO:0009085,lysine biosynthetic process,3/43,15/4986,0.2,23.190697674418605,8.027239273458102,2.52981971209156e-4,0.007842441107483836,0.006391123483178679,YDL182W/YNR050C/YIL094C,3,Downregulated,18. Far East Asia
GO:0019752,carboxylic acid metabolic process,10/43,320/4986,0.03125,3.623546511627907,4.524419794999191,2.940418280197323e-4,0.008395010034099017,0.006841434323204632,YDL182W/YDR050C/YOR344C/YPR069C/YMR246W/YNR050C/YHR174W/YIL094C/YCL009C/YCR053W,10,Downregulated,18. Far East Asia
GO:0006553,lysine metabolic process,3/43,16/4986,0.1875,21.74127906976744,7.7497703952215815,3.0949345747830474e-4,0.008395010034099017,0.006841434323204632,YDL182W/YNR050C/YIL094C,3,Downregulated,18. Far East Asia
GO:0043436,oxoacid metabolic process,10/43,336/4986,0.02976190476190476,3.450996677740864,4.3386776908322915,4.360656249921846e-4,0.01076753715755806,0.00877490294673662,YDL182W/YDR050C/YOR344C/YPR069C/YMR246W/YNR050C/YHR174W/YIL094C/YCL009C/YCR053W,10,Downregulated,18. Far East Asia
GO:0006082,organic acid metabolic process,10/43,337/4986,0.02967359050445104,3.4407563315161136,4.327440505335293,4.4657988211070296e-4,0.01076753715755806,0.00877490294673662,YDL182W/YDR050C/YOR344C/YPR069C/YMR246W/YNR050C/YHR174W/YIL094C/YCL009C/YCR053W,10,Downregulated,18. Far East Asia
GO:0000027,ribosomal large subunit assembly,4/43,46/4986,0.08695652173913043,10.082912032355914,5.771810359666979,6.017374437889549e-4,0.013744950031810864,0.011201317513190518,YPR102C/YKR081C/YIR012W/YIR026C,4,Downregulated,18. Far East Asia
GO:0009067,aspartate family amino acid biosynthetic process,4/43,47/4986,0.0851063829787234,9.8683819891143,5.696988083630067,6.536124926279203e-4,0.014183391090025869,0.01155862092226217,YDL182W/YNR050C/YIL094C/YCR053W,4,Downregulated,18. Far East Asia
GO:0009205,purine ribonucleoside triphosphate metabolic process,4/43,48/4986,0.08333333333333333,9.662790697674419,5.624376711006171,7.085869250103244e-4,0.014644129783546705,0.011934095579121253,YDR050C/YOR344C/YML056C/YHR174W,4,Downregulated,18. Far East Asia
GO:0009144,purine nucleoside triphosphate metabolic process,4/43,50/4986,0.08,9.276279069767442,5.485346379189465,8.28244021072763e-4,0.016338995688435415,0.013315310578011883,YDR050C/YOR344C/YML056C/YHR174W,4,Downregulated,18. Far East Asia
GO:0009199,ribonucleoside triphosphate metabolic process,4/43,52/4986,0.07692307692307693,8.919499105545617,5.353913092522573,9.615314289879081e-4,0.01814368000785879,0.014786021059036022,YDR050C/YOR344C/YML056C/YHR174W,4,Downregulated,18. Far East Asia
GO:0009066,aspartate family amino acid metabolic process,4/43,56/4986,0.07142857142857142,8.282392026578073,5.111120405197904,0.0012723005631565358,0.01926002600790016,0.015695776712719996,YDL182W/YNR050C/YIL094C/YCR053W,4,Downregulated,18. Far East Asia
GO:0006096,glycolytic process,3/43,26/4986,0.11538461538461539,13.379248658318428,5.902168802437384,0.0013530894543207885,0.01926002600790016,0.015695776712719996,YDR050C/YOR344C/YHR174W,3,Downregulated,18. Far East Asia
GO:0009137,purine nucleoside diphosphate catabolic process,3/43,26/4986,0.11538461538461539,13.379248658318428,5.902168802437384,0.0013530894543207885,0.01926002600790016,0.015695776712719996,YDR050C/YOR344C/YHR174W,3,Downregulated,18. Far East Asia
GO:0009181,purine ribonucleoside diphosphate catabolic process,3/43,26/4986,0.11538461538461539,13.379248658318428,5.902168802437384,0.0013530894543207885,0.01926002600790016,0.015695776712719996,YDR050C/YOR344C/YHR174W,3,Downregulated,18. Far East Asia
GO:0046032,ADP catabolic process,3/43,26/4986,0.11538461538461539,13.379248658318428,5.902168802437384,0.0013530894543207885,0.01926002600790016,0.015695776712719996,YDR050C/YOR344C/YHR174W,3,Downregulated,18. Far East Asia
GO:0000154,rRNA modification,3/43,27/4986,0.1111111111111111,12.883720930232558,5.774425417536289,0.0015131143591764927,0.01926002600790016,0.015695776712719996,YDL208W/YNL132W/YHR089C,3,Downregulated,18. Far East Asia
GO:0009191,ribonucleoside diphosphate catabolic process,3/43,27/4986,0.1111111111111111,12.883720930232558,5.774425417536289,0.0015131143591764927,0.01926002600790016,0.015695776712719996,YDR050C/YOR344C/YHR174W,3,Downregulated,18. Far East Asia
GO:0046031,ADP metabolic process,3/43,27/4986,0.1111111111111111,12.883720930232558,5.774425417536289,0.0015131143591764927,0.01926002600790016,0.015695776712719996,YDR050C/YOR344C/YHR174W,3,Downregulated,18. Far East Asia
GO:0009141,nucleoside triphosphate metabolic process,4/43,59/4986,0.06779661016949153,7.861253448955459,4.944355518370487,0.0015473014191354519,0.01926002600790016,0.015695776712719996,YDR050C/YOR344C/YML056C/YHR174W,4,Downregulated,18. Far East Asia
GO:0009134,nucleoside diphosphate catabolic process,3/43,28/4986,0.10714285714285714,12.42358803986711,5.653270827580071,0.001684547210062565,0.01926002600790016,0.015695776712719996,YDR050C/YOR344C/YHR174W,3,Downregulated,18. Far East Asia
GO:0009135,purine nucleoside diphosphate metabolic process,3/43,28/4986,0.10714285714285714,12.42358803986711,5.653270827580071,0.001684547210062565,0.01926002600790016,0.015695776712719996,YDR050C/YOR344C/YHR174W,3,Downregulated,18. Far East Asia
GO:0009154,purine ribonucleotide catabolic process,3/43,28/4986,0.10714285714285714,12.42358803986711,5.653270827580071,0.001684547210062565,0.01926002600790016,0.015695776712719996,YDR050C/YOR344C/YHR174W,3,Downregulated,18. Far East Asia
GO:0009179,purine ribonucleoside diphosphate metabolic process,3/43,28/4986,0.10714285714285714,12.42358803986711,5.653270827580071,0.001684547210062565,0.01926002600790016,0.015695776712719996,YDR050C/YOR344C/YHR174W,3,Downregulated,18. Far East Asia
GO:0019364,pyridine nucleotide catabolic process,3/43,28/4986,0.10714285714285714,12.42358803986711,5.653270827580071,0.001684547210062565,0.01926002600790016,0.015695776712719996,YDR050C/YOR344C/YHR174W,3,Downregulated,18. Far East Asia
GO:0170034,L-amino acid biosynthetic process,5/43,102/4986,0.049019607843137254,5.683994528043775,4.457590212577058,0.0016863617241940233,0.01926002600790016,0.015695776712719996,YDL182W/YNR050C/YIL094C/YCL009C/YCR053W,5,Downregulated,18. Far East Asia
GO:0009261,ribonucleotide catabolic process,3/43,29/4986,0.10344827586206896,11.995188452285484,5.53813732916155,0.0018676777318177356,0.020783900913048648,0.016937644207577846,YDR050C/YOR344C/YHR174W,3,Downregulated,18. Far East Asia
GO:0170038,proteinogenic amino acid biosynthetic process,5/43,106/4986,0.04716981132075472,5.469504168494954,4.3378434262637295,0.0020002570704163443,0.020819749707923423,0.016966858845166796,YDL182W/YNR050C/YIL094C/YCL009C/YCR053W,5,Downregulated,18. Far East Asia
GO:0009185,ribonucleoside diphosphate metabolic process,3/43,30/4986,0.1,11.595348837209302,5.428523749943169,0.002062786261384118,0.020819749707923423,0.016966858845166796,YDR050C/YOR344C/YHR174W,3,Downregulated,18. Far East Asia
GO:0042026,protein refolding,3/43,30/4986,0.1,11.595348837209302,5.428523749943169,0.002062786261384118,0.020819749707923423,0.016966858845166796,YLL024C/YPL106C/YNL064C,3,Downregulated,18. Far East Asia
GO:0072526,pyridine-containing compound catabolic process,3/43,30/4986,0.1,11.595348837209302,5.428523749943169,0.002062786261384118,0.020819749707923423,0.016966858845166796,YDR050C/YOR344C/YHR174W,3,Downregulated,18. Far East Asia
GO:0006195,purine nucleotide catabolic process,3/43,31/4986,0.0967741935483871,11.221305326331583,5.323985732080693,0.002270143908251194,0.02239187400411405,0.01824804672661247,YDR050C/YOR344C/YHR174W,3,Downregulated,18. Far East Asia
GO:0000480,"endonucleolytic cleavage in 5'-ETS of tricistronic rRNA transcript (SSU-rRNA, 5.8S rRNA, LSU-rRNA)",3/43,32/4986,0.09375,10.87063953488372,5.224127696874609,0.0024900127127670192,0.02401478927424192,0.019570626233677627,YJL010C/YJR002W/YKL099C,3,Downregulated,18. Far East Asia
GO:1901607,alpha-amino acid biosynthetic process,5/43,113/4986,0.04424778761061947,5.130685326198806,4.142234025907643,0.002649901773079366,0.024966365325745917,0.02034610417038717,YDL182W/YNR050C/YIL094C/YCL009C/YCR053W,5,Downregulated,18. Far East Asia
GO:0009132,nucleoside diphosphate metabolic process,3/43,33/4986,0.09090909090909091,10.541226215644821,5.128596157200018,0.0027226458023411368,0.024966365325745917,0.02034610417038717,YDR050C/YOR344C/YHR174W,3,Downregulated,18. Far East Asia
GO:0009150,purine ribonucleotide metabolic process,4/43,69/4986,0.057971014492753624,6.721941354903944,4.463641918642588,0.002761256994552544,0.024966365325745917,0.02034610417038717,YDR050C/YOR344C/YML056C/YHR174W,4,Downregulated,18. Far East Asia
GO:0000472,"endonucleolytic cleavage to generate mature 5'-end of SSU-rRNA from (SSU-rRNA, 5.8S rRNA, LSU-rRNA)",3/43,34/4986,0.08823529411764706,10.231190150478797,5.037074118336605,0.0029682875455633024,0.02590713312370591,0.021112774022714498,YJL010C/YJR002W/YKL099C,3,Downregulated,18. Far East Asia
GO:0071826,protein-RNA complex organization,6/43,169/4986,0.03550295857988166,4.116691894867208,3.8443277328031624,0.002984692756187317,0.02590713312370591,0.021112774022714498,YDL208W/YGL120C/YPR102C/YKR081C/YIR012W/YIR026C,6,Downregulated,18. Far East Asia
GO:0031118,rRNA pseudouridine synthesis,2/43,10/4986,0.2,23.190697674418605,6.55091968076127,0.0031292667348654575,0.026629446331992324,0.021701416365630416,YDL208W/YHR089C,2,Downregulated,18. Far East Asia
GO:0009166,nucleotide catabolic process,3/43,35/4986,0.08571428571428572,9.938870431893688,4.949276363776343,0.003227173704262107,0.02693448822403374,0.021950007381215948,YDR050C/YOR344C/YHR174W,3,Downregulated,18. Far East Asia
GO:0008652,amino acid biosynthetic process,5/43,121/4986,0.04132231404958678,4.791466461656737,3.9375853942027486,0.0035669021308215544,0.029208217448614238,0.023802961588004816,YDL182W/YNR050C/YIL094C/YCL009C/YCR053W,5,Downregulated,18. Far East Asia
GO:0016052,carbohydrate catabolic process,4/43,75/4986,0.05333333333333334,6.184186046511628,4.218885582294189,0.003739679325224322,0.029871669054499072,0.024343635222681757,YDR050C/YOR344C/YKR042W/YHR174W,4,Downregulated,18. Far East Asia
GO:0000967,rRNA 5'-end processing,3/43,37/4986,0.08108108108108109,9.401634192331867,4.78384838894028,0.0037855801797176247,0.029871669054499072,0.024343635222681757,YJL010C/YJR002W/YKL099C,3,Downregulated,18. Far East Asia
GO:0016053,organic acid biosynthetic process,6/43,180/4986,0.03333333333333333,3.8651162790697673,3.6513891896693074,0.004083127835855108,0.031089078609844154,0.025335751668463826,YDL182W/YPR069C/YNR050C/YIL094C/YCL009C/YCR053W,6,Downregulated,18. Far East Asia
GO:0046394,carboxylic acid biosynthetic process,6/43,180/4986,0.03333333333333333,3.8651162790697673,3.6513891896693074,0.004083127835855108,0.031089078609844154,0.025335751668463826,YDL182W/YPR069C/YNR050C/YIL094C/YCL009C/YCR053W,6,Downregulated,18. Far East Asia
GO:0006090,pyruvate metabolic process,3/43,41/4986,0.07317073170731707,8.484401588201928,4.487840014780979,0.005070778977562705,0.03726540278394549,0.03036908885618648,YDR050C/YOR344C/YHR174W,3,Downregulated,18. Far East Asia
GO:0072523,purine-containing compound catabolic process,3/43,41/4986,0.07317073170731707,8.484401588201928,4.487840014780979,0.005070778977562705,0.03726540278394549,0.03036908885618648,YDR050C/YOR344C/YHR174W,3,Downregulated,18. Far East Asia
GO:0042255,ribosome assembly,4/43,82/4986,0.04878048780487805,5.656267725467952,3.964981293487198,0.005151899002388777,0.03726540278394549,0.03036908885618648,YPR102C/YKR081C/YIR012W/YIR026C,4,Downregulated,18. Far East Asia
GO:0009259,ribonucleotide metabolic process,4/43,83/4986,0.04819277108433735,5.588119921546652,3.931102466928947,0.005379165409886698,0.03827143914575126,0.031188948709610538,YDR050C/YOR344C/YML056C/YHR174W,4,Downregulated,18. Far East Asia
GO:1901292,nucleoside phosphate catabolic process,3/43,43/4986,0.06976744186046512,8.089778258518118,4.354547966146788,0.005800630094976592,0.040604410664836145,0.03309018186608039,YDR050C/YOR344C/YHR174W,3,Downregulated,18. Far East Asia
GO:0046034,ATP metabolic process,3/43,44/4986,0.06818181818181818,7.9059196617336145,4.29109365576847,0.006187977847531406,0.04233571187292957,0.03450108947199693,YDR050C/YOR344C/YHR174W,3,Downregulated,18. Far East Asia
GO:0170033,L-amino acid metabolic process,5/43,138/4986,0.036231884057971016,4.201213346814965,3.5566764591366358,0.006243054285408969,0.04233571187292957,0.03450108947199693,YDL182W/YNR050C/YIL094C/YCL009C/YCR053W,5,Downregulated,18. Far East Asia
GO:0170039,proteinogenic amino acid metabolic process,5/43,140/4986,0.03571428571428571,4.141196013289036,3.5159189449492314,0.0066311387279109225,0.044275603198666774,0.03608198562879466,YDL182W/YNR050C/YIL094C/YCL009C/YCR053W,5,Downregulated,18. Far East Asia
GO:0019693,ribose phosphate metabolic process,4/43,90/4986,0.044444444444444446,5.153488372093023,3.708387026031279,0.0071609238484475765,0.04708849924585225,0.038374328757231034,YDR050C/YOR344C/YML056C/YHR174W,4,Downregulated,18. Far East Asia
GO:0031505,fungal-type cell wall organization,6/16,132/4986,0.045454545454545456,14.164772727272728,8.696906957461142,1.979774128422812e-6,2.0391673522754964e-4,1.521300119735424e-4,YDR144C/YDR261C/YOL030W/YMR307W/YJL159W/YIL011W,6,Downregulated,2. Alpechin
GO:0071852,fungal-type cell wall organization or biogenesis,6/16,151/4986,0.039735099337748346,12.382450331125828,8.05824331552405,4.354364973478627e-6,2.242497961341493e-4,1.672992858231262e-4,YDR144C/YDR261C/YOL030W/YMR307W/YJL159W/YIL011W,6,Downregulated,2. Alpechin
GO:0045229,external encapsulating structure organization,6/16,172/4986,0.03488372093023256,10.87063953488372,7.474305604093222,9.28046477972629e-6,2.3897196807795196e-4,1.7828261287368926e-4,YDR144C/YDR261C/YOL030W/YMR307W/YJL159W/YIL011W,6,Downregulated,2. Alpechin
GO:0071555,cell wall organization,6/16,172/4986,0.03488372093023256,10.87063953488372,7.474305604093222,9.28046477972629e-6,2.3897196807795196e-4,1.7828261287368926e-4,YDR144C/YDR261C/YOL030W/YMR307W/YJL159W/YIL011W,6,Downregulated,2. Alpechin
GO:0071554,cell wall organization or biogenesis,6/16,207/4986,0.028985507246376812,9.032608695652174,6.697113308086694,2.6908564441795113e-5,5.543164275009794e-4,4.135421482633775e-4,YDR144C/YDR261C/YOL030W/YMR307W/YJL159W/YIL011W,6,Downregulated,2. Alpechin
GO:0051278,fungal-type cell wall polysaccharide biosynthetic process,2/16,10/4986,0.2,62.325,11.013154943226855,4.280513431089325e-4,0.005976229409443446,0.004458505333565371,YOL030W/YMR307W,2,Downregulated,2. Alpechin
GO:0071966,fungal-type cell wall polysaccharide metabolic process,2/16,10/4986,0.2,62.325,11.013154943226855,4.280513431089325e-4,0.005976229409443446,0.004458505333565371,YOL030W/YMR307W,2,Downregulated,2. Alpechin
GO:0034406,cell wall beta-glucan metabolic process,2/16,11/4986,0.18181818181818182,56.659090909090914,10.484561873039766,5.22194802766903e-4,0.005976229409443446,0.004458505333565371,YOL030W/YMR307W,2,Downregulated,2. Alpechin
GO:0034410,cell wall beta-glucan biosynthetic process,2/16,11/4986,0.18181818181818182,56.659090909090914,10.484561873039766,5.22194802766903e-4,0.005976229409443446,0.004458505333565371,YOL030W/YMR307W,2,Downregulated,2. Alpechin
GO:0044042,glucan metabolic process,3/16,59/4986,0.05084745762711865,15.845338983050848,6.507875287620318,7.900918963615806e-4,0.00813794653252428,0.0060712324667784616,YDR261C/YOL030W/YMR307W,3,Downregulated,2. Alpechin
GO:0010383,cell wall polysaccharide metabolic process,2/16,15/4986,0.13333333333333333,41.55,8.92337172135999,9.894773949120166e-4,0.008493014306328144,0.006336127177945369,YOL030W/YMR307W,2,Downregulated,2. Alpechin
GO:0070592,cell wall polysaccharide biosynthetic process,2/16,15/4986,0.13333333333333333,41.55,8.92337172135999,9.894773949120166e-4,0.008493014306328144,0.006336127177945369,YOL030W/YMR307W,2,Downregulated,2. Alpechin
GO:1901678,iron coordination entity transport,2/16,17/4986,0.11764705882352941,36.661764705882355,8.356168153663162,0.0012768188053408809,0.01011633361154698,0.0075471880801525745,YOR382W/YHL047C,2,Downregulated,2. Alpechin
GO:0005976,polysaccharide metabolic process,3/16,73/4986,0.0410958904109589,12.806506849315069,5.765325737124393,0.001470647141023819,0.010819761108960954,0.008071973029679609,YDR261C/YOL030W/YMR307W,3,Downregulated,2. Alpechin
GO:0051273,beta-glucan metabolic process,2/16,22/4986,0.09090909090909091,28.329545454545457,7.288568518192487,0.00214851330400791,0.01383105439455092,0.010318517841616937,YOL030W/YMR307W,2,Downregulated,2. Alpechin
GO:0051274,beta-glucan biosynthetic process,2/16,22/4986,0.09090909090909091,28.329545454545457,7.288568518192487,0.00214851330400791,0.01383105439455092,0.010318517841616937,YOL030W/YMR307W,2,Downregulated,2. Alpechin
GO:0044036,cell wall macromolecule metabolic process,2/16,34/4986,0.058823529411764705,18.330882352941178,5.752865135251994,0.005102018020681554,0.03091222683118824,0.02306175328233768,YOL030W/YMR307W,2,Downregulated,2. Alpechin
GO:0006826,iron ion transport,2/16,36/4986,0.05555555555555555,17.3125,5.572929561708295,0.0057081609847976465,0.03266336563523098,0.024368172625159546,YOR382W/YHL047C,2,Downregulated,2. Alpechin
GO:0009250,glucan biosynthetic process,2/16,38/4986,0.05263157894736842,16.401315789473685,5.406910201961732,0.006345821061651603,0.034401029965795533,0.025664539473715626,YOL030W/YMR307W,2,Downregulated,2. Alpechin
GO:0009272,fungal-type cell wall biogenesis,2/16,40/4986,0.05,15.58125,5.253056525760029,0.007014621325006486,0.036101902505016464,0.026933458179521738,YOL030W/YMR307W,2,Downregulated,2. Alpechin
GO:0000271,polysaccharide biosynthetic process,2/16,41/4986,0.04878048780487805,15.201219512195122,5.180227095582296,0.00736058206412957,0.036101902505016464,0.026933458179521738,YOL030W/YMR307W,2,Downregulated,2. Alpechin
GO:0042546,cell wall biogenesis,2/16,42/4986,0.047619047619047616,14.839285714285714,5.1099125520306865,0.007714187870950859,0.036116425032179024,0.026944292563608266,YOL030W/YMR307W,2,Downregulated,2. Alpechin
GO:0031505,fungal-type cell wall organization,3/5,132/4986,0.022727272727272728,22.663636363636364,7.99148979892105,1.7449085900122336e-4,0.012363628415985659,0.006961161654043333,YLR110C/YLR300W/YKL096W,3,Downregulated,25. Sake
GO:0071852,fungal-type cell wall organization or biogenesis,3/5,151/4986,0.019867549668874173,19.811920529801323,7.436741444197776,2.604385333707291e-4,0.012363628415985659,0.006961161654043333,YLR110C/YLR300W/YKL096W,3,Downregulated,25. Sake
GO:0045229,external encapsulating structure organization,3/5,172/4986,0.01744186046511628,17.39302325581395,6.931537036514489,3.833683229762995e-4,0.012363628415985659,0.006961161654043333,YLR110C/YLR300W/YKL096W,3,Downregulated,25. Sake
GO:0071555,cell wall organization,3/5,172/4986,0.01744186046511628,17.39302325581395,6.931537036514489,3.833683229762995e-4,0.012363628415985659,0.006961161654043333,YLR110C/YLR300W/YKL096W,3,Downregulated,25. Sake
GO:0071554,cell wall organization or biogenesis,3/5,207/4986,0.014492753623188406,14.452173913043477,6.262798565672218,6.630332519269663e-4,0.017106257899715732,0.009631430396412774,YLR110C/YLR300W/YKL096W,3,Downregulated,25. Sake
GO:0016052,carbohydrate catabolic process,2/5,75/4986,0.02666666666666667,26.592000000000002,7.074719154568939,0.0021682274680423228,0.04661689056290994,0.02624696408682812,YGR192C/YLR300W,2,Downregulated,25. Sake
GO:0002181,cytoplasmic translation,20/51,166/4986,0.12048192771084337,11.77888022678951,14.357481386167013,2.833586652448315e-17,8.478937171861233e-15,7.545314588533023e-15,YDL184C/YDL133C-A/YDR447C/YOR234C/YGR027C/YGR148C/YLL045C/YLR287C-A/YLR441C/YPL220W/YPR102C/YML026C/YBL087C/YNL178W/YJL191W/YJL190C/YJL189W/YER025W/YER117W/YHR141C,20,Downregulated,5. French dairy
GO:0006412,translation,28/51,446/4986,0.06278026905829596,6.137694539699288,11.557978270248288,5.57824813938239e-17,8.478937171861233e-15,7.545314588533023e-15,YDL184C/YDL133C-A/YDR447C/YOR063W/YOR234C/YOR369C/YGR027C/YGR148C/YLL045C/YLR150W/YLR167W/YLR287C-A/YLR441C/YPL220W/YPL090C/YPR102C/YML026C/YBL087C/YBR121C/YNL302C/YNL178W/YJL191W/YJL190C/YJL189W/YKR057W/YER025W/YER117W/YHR141C,28,Downregulated,5. French dairy
GO:0042254,ribosome biogenesis,18/51,399/4986,0.045112781954887216,4.410437859354268,7.219486513254114,2.935703835621946e-8,2.9748465534302386e-6,2.647283809666106e-6,YDR324C/YDR447C/YOR063W/YOR234C/YOR369C/YLL045C/YLR167W/YLR441C/YPL220W/YPL211W/YPL090C/YPR102C/YML026C/YNL302C/YNL178W/YNL002C/YJL191W/YKR057W,18,Downregulated,5. French dairy
GO:0022613,ribonucleoprotein complex biogenesis,19/51,473/4986,0.040169133192389,3.9271234921029716,6.801630572105968,7.003644901645843e-8,5.32277012525084e-6,4.736675630849952e-6,YDR324C/YDR447C/YOR063W/YOR234C/YOR369C/YLL045C/YLR167W/YLR441C/YPL220W/YPL211W/YPL090C/YPR102C/YML026C/YNL302C/YNL178W/YNL002C/YJL191W/YKR057W/YER025W,19,Downregulated,5. French dairy
GO:0042274,ribosomal small subunit biogenesis,10/51,140/4986,0.07142857142857142,6.9831932773109235,7.299270126928409,1.0556669653794316e-6,6.418455149506944e-5,5.711713896895031e-5,YDR324C/YDR447C/YOR369C/YLR167W/YLR441C/YPL090C/YML026C/YNL302C/YJL191W/YKR057W,10,Downregulated,5. French dairy
GO:0042255,ribosome assembly,8/51,82/4986,0.0975609756097561,9.538020086083213,7.924337399204784,1.3596736569183824e-6,6.889013195053137e-5,6.130458418035515e-5,YDR447C/YOR063W/YOR369C/YLR167W/YPL211W/YPR102C/YNL302C/YJL191W,8,Downregulated,5. French dairy
GO:1990145,maintenance of translational fidelity,4/51,10/4986,0.4,39.10588235294118,12.261000985105417,1.949742036480039e-6,8.46745112985617e-5,7.535093283840152e-5,YOR063W/YOR369C/YLR167W/YNL178W,4,Downregulated,5. French dairy
GO:0000028,ribosomal small subunit assembly,5/51,25/4986,0.2,19.55294117647059,9.453056405646356,4.173057953466129e-6,1.585762022317129e-4,1.4111524921589413e-4,YDR447C/YOR369C/YLR167W/YNL302C/YJL191W,5,Downregulated,5. French dairy
GO:0030490,maturation of SSU-rRNA,8/51,115/4986,0.06956521739130435,6.801023017902813,6.397621388908021,1.7465946322128033e-5,5.899608535474358e-4,5.249997900335561e-4,YDR324C/YOR369C/YLR167W/YLR441C/YPL090C/YML026C/YJL191W/YKR057W,8,Downregulated,5. French dairy
GO:0006364,rRNA processing,12/51,286/4986,0.04195804195804196,4.102015631427396,5.49227355876342,2.1240352529986922e-5,6.457067169116024e-4,5.74607431600699e-4,YDR324C/YOR063W/YOR369C/YLL045C/YLR167W/YLR441C/YPL211W/YPL090C/YML026C/YNL002C/YJL191W/YKR057W,12,Downregulated,5. French dairy
GO:0016072,rRNA metabolic process,13/51,343/4986,0.037900874635568516,3.705367861430287,5.2777417501125266,2.6722718794604952e-5,7.385187739599914e-4,6.571998784893276e-4,YDR324C/YOR063W/YOR369C/YLL045C/YLR167W/YLR441C/YPL211W/YPL090C/YML026C/YNL178W/YNL002C/YJL191W/YKR057W,13,Downregulated,5. French dairy
GO:0022618,protein-RNA complex assembly,9/51,162/4986,0.05555555555555555,5.431372549019608,5.828626300354422,3.0445596828265585e-5,7.712884529827281e-4,6.86361261830198e-4,YDR447C/YOR063W/YOR369C/YLR167W/YPL211W/YPR102C/YNL302C/YJL191W/YER025W,9,Downregulated,5. French dairy
GO:0071826,protein-RNA complex organization,9/51,169/4986,0.05325443786982249,5.206404455273233,5.655098173704802,4.260721679774704e-5,9.963533774242383e-4,8.866441066413757e-4,YDR447C/YOR063W/YOR369C/YLR167W/YPL211W/YPR102C/YNL302C/YJL191W/YER025W,9,Downregulated,5. French dairy
GO:0140694,membraneless organelle assembly,8/51,164/4986,0.04878048780487805,4.7690100430416065,4.988956377442349,2.2007807986904824e-4,0.0047788383057279045,0.004252636580928225,YDR447C/YOR063W/YOR369C/YLR167W/YPL211W/YPR102C/YNL302C/YJL191W,8,Downregulated,5. French dairy
GO:0000462,"maturation of SSU-rRNA from tricistronic rRNA transcript (SSU-rRNA, 5.8S rRNA, LSU-rRNA)",6/51,101/4986,0.0594059405940594,5.807804309842749,4.961914495531238,5.124936700690098e-4,0.010386538380065265,0.009242868295279686,YDR324C/YLR441C/YPL090C/YML026C/YJL191W/YKR057W,6,Downregulated,5. French dairy
GO:0070925,organelle assembly,8/51,206/4986,0.038834951456310676,3.796687607081667,4.167136347531278,0.0010186211156028749,0.019353801196454624,0.017222738599338084,YDR447C/YOR063W/YOR369C/YLR167W/YPL211W/YPR102C/YNL302C/YJL191W,8,Downregulated,5. French dairy
GO:0042273,ribosomal large subunit biogenesis,6/51,125/4986,0.048,4.692705882352941,4.25021603123677,0.0015741065716492126,0.02814872928125651,0.025049250087544748,YOR063W/YOR234C/YLL045C/YPL211W/YPR102C/YNL002C,6,Downregulated,5. French dairy
GO:0008652,amino acid biosynthetic process,36/105,121/4986,0.2975206611570248,14.127981109799292,21.439864338424805,1.3071866267732938e-33,4.213738640937172e-31,3.438769559132642e-31,YDL131W/YDR034C/YDR035W/YDR158W/YDR234W/YOL064C/YOR202W/YOR375C/YGL026C/YLR303W/YPR167C/YMR062C/YMR108W/YBR115C/YBR248C/YNL277W/YJL200C/YJR016C/YJR109C/YJR139C/YKL211C/YKL001C/YKR069W/YER052C/YER055C/YER086W/YER090W/YER091C/YHR018C/YHR208W/YIL116W/YIL094C/YIL074C/YIR017C/YIR034C/YCL009C,36,Upregulated,8. Mixed origin
GO:0170034,L-amino acid biosynthetic process,34/105,102/4986,0.3333333333333333,15.82857142857143,22.191384523711978,1.352725085373089e-33,4.213738640937172e-31,3.438769559132642e-31,YDL131W/YDR034C/YDR158W/YDR234W/YOL064C/YOR202W/YOR375C/YGL026C/YLR303W/YPR167C/YMR062C/YMR108W/YBR115C/YBR248C/YNL277W/YJL200C/YJR016C/YJR109C/YJR139C/YKL211C/YKL001C/YKR069W/YER052C/YER055C/YER090W/YER091C/YHR018C/YHR208W/YIL116W/YIL094C/YIL074C/YIR017C/YIR034C/YCL009C,34,Upregulated,8. Mixed origin
GO:1901607,alpha-amino acid biosynthetic process,35/105,113/4986,0.30973451327433627,14.70796460176991,21.616571680599584,2.4786703735162996e-33,5.147372142335515e-31,4.200694001432887e-31,YDL131W/YDR034C/YDR158W/YDR234W/YOL064C/YOR202W/YOR375C/YGL026C/YLR303W/YPR167C/YMR062C/YMR108W/YBR115C/YBR248C/YNL277W/YJL200C/YJR016C/YJR109C/YJR139C/YKL211C/YKL001C/YKR069W/YER052C/YER055C/YER086W/YER090W/YER091C/YHR018C/YHR208W/YIL116W/YIL094C/YIL074C/YIR017C/YIR034C/YCL009C,35,Upregulated,8. Mixed origin
GO:0170038,proteinogenic amino acid biosynthetic process,34/105,106/4986,0.32075471698113206,15.231266846361185,21.71997948519675,6.170970965450077e-33,9.611287278688494e-31,7.843628885032598e-31,YDL131W/YDR034C/YDR158W/YDR234W/YOL064C/YOR202W/YOR375C/YGL026C/YLR303W/YPR167C/YMR062C/YMR108W/YBR115C/YBR248C/YNL277W/YJL200C/YJR016C/YJR109C/YJR139C/YKL211C/YKL001C/YKR069W/YER052C/YER055C/YER090W/YER091C/YHR018C/YHR208W/YIL116W/YIL094C/YIL074C/YIR017C/YIR034C/YCL009C,34,Upregulated,8. Mixed origin
GO:0170033,L-amino acid metabolic process,35/105,138/4986,0.2536231884057971,12.043478260869566,19.294651788920277,6.1809312884162846e-30,7.70144038536669e-28,6.285031183800138e-28,YDL131W/YDR034C/YDR158W/YDR234W/YOL064C/YOR202W/YOR375C/YGL026C/YLR303W/YPR167C/YMR062C/YMR108W/YBR115C/YBR248C/YNL277W/YJL200C/YJR016C/YJR109C/YJR139C/YKL211C/YKL001C/YKR069W/YER052C/YER055C/YER086W/YER090W/YER091C/YHR018C/YHR208W/YIL116W/YIL094C/YIL074C/YIR017C/YIR034C/YCL009C,35,Upregulated,8. Mixed origin
GO:0170039,proteinogenic amino acid metabolic process,35/105,140/4986,0.25,11.871428571428572,19.13514496509396,1.0708173974987609e-29,1.1118653977362133e-27,9.073768473542132e-28,YDL131W/YDR034C/YDR158W/YDR234W/YOL064C/YOR202W/YOR375C/YGL026C/YLR303W/YPR167C/YMR062C/YMR108W/YBR115C/YBR248C/YNL277W/YJL200C/YJR016C/YJR109C/YJR139C/YKL211C/YKL001C/YKR069W/YER052C/YER055C/YER086W/YER090W/YER091C/YHR018C/YHR208W/YIL116W/YIL094C/YIL074C/YIR017C/YIR034C/YCL009C,35,Upregulated,8. Mixed origin
GO:0016053,organic acid biosynthetic process,38/105,180/4986,0.2111111111111111,10.024761904761904,18.086434059060046,2.2003669628777102e-29,1.7135357723410167e-27,1.3983911093025447e-27,YDL131W/YDR034C/YDR035W/YDR158W/YDR234W/YOL064C/YOR202W/YOR375C/YGL026C/YGR267C/YLR303W/YPR167C/YMR062C/YMR108W/YBR115C/YBR248C/YNL277W/YJL200C/YJR016C/YJR109C/YJR137C/YJR139C/YKL211C/YKL001C/YKR069W/YER052C/YER055C/YER086W/YER090W/YER091C/YHR018C/YHR208W/YIL116W/YIL094C/YIL074C/YIR017C/YIR034C/YCL009C,38,Upregulated,8. Mixed origin
GO:0046394,carboxylic acid biosynthetic process,38/105,180/4986,0.2111111111111111,10.024761904761904,18.086434059060046,2.2003669628777102e-29,1.7135357723410167e-27,1.3983911093025447e-27,YDL131W/YDR034C/YDR035W/YDR158W/YDR234W/YOL064C/YOR202W/YOR375C/YGL026C/YGR267C/YLR303W/YPR167C/YMR062C/YMR108W/YBR115C/YBR248C/YNL277W/YJL200C/YJR016C/YJR109C/YJR137C/YJR139C/YKL211C/YKL001C/YKR069W/YER052C/YER055C/YER086W/YER090W/YER091C/YHR018C/YHR208W/YIL116W/YIL094C/YIL074C/YIR017C/YIR034C/YCL009C,38,Upregulated,8. Mixed origin
GO:1901605,alpha-amino acid metabolic process,35/105,154/4986,0.22727272727272727,10.792207792207792,18.102991410003842,3.9116770119847586e-28,2.707749753851672e-26,2.2097543822089337e-26,YDL131W/YDR034C/YDR158W/YDR234W/YOL064C/YOR202W/YOR375C/YGL026C/YLR303W/YPR167C/YMR062C/YMR108W/YBR115C/YBR248C/YNL277W/YJL200C/YJR016C/YJR109C/YJR139C/YKL211C/YKL001C/YKR069W/YER052C/YER055C/YER086W/YER090W/YER091C/YHR018C/YHR208W/YIL116W/YIL094C/YIL074C/YIR017C/YIR034C/YCL009C,35,Upregulated,8. Mixed origin
GO:0019752,carboxylic acid metabolic process,45/105,320/4986,0.140625,6.677678571428571,15.397359549858578,3.7879085334374075e-27,2.212142896896564e-25,1.8052969826831807e-25,YDL170W/YDL131W/YDR034C/YDR035W/YDR158W/YDR234W/YOL064C/YOR202W/YOR375C/YGL026C/YGR192C/YGR267C/YLR303W/YPR167C/YMR062C/YMR108W/YMR246W/YBR115C/YBR248C/YNL277W/YJL200C/YJR009C/YJR010W/YJR016C/YJR109C/YJR137C/YJR139C/YKL211C/YKL152C/YKL001C/YKR069W/YER052C/YER055C/YER086W/YER090W/YER091C/YHR018C/YHR208W/YIL116W/YIL094C/YIL074C/YIR017C/YIR034C/YCL009C/YCR012W,45,Upregulated,8. Mixed origin
GO:0006520,amino acid metabolic process,39/105,220/4986,0.17727272727272728,8.417922077922078,16.50400761600572,3.905870283444977e-27,2.212142896896564e-25,1.8052969826831807e-25,YDL170W/YDL131W/YDR034C/YDR035W/YDR158W/YDR234W/YOL064C/YOR202W/YOR375C/YGL026C/YLR303W/YPR033C/YPR167C/YMR062C/YMR108W/YBR115C/YBR145W/YBR248C/YNL277W/YJL200C/YJR016C/YJR109C/YJR139C/YKL211C/YKL001C/YKR069W/YER052C/YER055C/YER086W/YER090W/YER091C/YHR018C/YHR208W/YIL116W/YIL094C/YIL074C/YIR017C/YIR034C/YCL009C,39,Upregulated,8. Mixed origin
GO:0044283,small molecule biosynthetic process,44/105,315/4986,0.13968253968253969,6.632925170068027,15.148064728660035,2.3697916132619418e-26,1.2303168125518248e-24,1.0040432887767702e-24,YDL131W/YDR034C/YDR035W/YDR158W/YDR234W/YOL064C/YOR202W/YOR375C/YGL026C/YGR192C/YGR267C/YLR303W/YPR167C/YML125C/YMR062C/YMR108W/YBR115C/YBR145W/YBR248C/YNL277W/YJL200C/YJR009C/YJR016C/YJR109C/YJR137C/YJR139C/YKL211C/YKL152C/YKL001C/YKR069W/YER052C/YER055C/YER086W/YER090W/YER091C/YHR018C/YHR208W/YIL116W/YIL094C/YIL074C/YIR017C/YIR034C/YCL009C/YCR012W,44,Upregulated,8. Mixed origin
GO:0043436,oxoacid metabolic process,45/105,336/4986,0.13392857142857142,6.35969387755102,14.919558602849818,3.269867233737715e-26,1.5670209897066126e-24,1.2788225699557218e-24,YDL170W/YDL131W/YDR034C/YDR035W/YDR158W/YDR234W/YOL064C/YOR202W/YOR375C/YGL026C/YGR192C/YGR267C/YLR303W/YPR167C/YMR062C/YMR108W/YMR246W/YBR115C/YBR248C/YNL277W/YJL200C/YJR009C/YJR010W/YJR016C/YJR109C/YJR137C/YJR139C/YKL211C/YKL152C/YKL001C/YKR069W/YER052C/YER055C/YER086W/YER090W/YER091C/YHR018C/YHR208W/YIL116W/YIL094C/YIL074C/YIR017C/YIR034C/YCL009C/YCR012W,45,Upregulated,8. Mixed origin
GO:0006082,organic acid metabolic process,45/105,337/4986,0.13353115727002968,6.34082238236541,14.890735156374076,3.7263092254461405e-26,1.6582076053235325e-24,1.3532386134514931e-24,YDL170W/YDL131W/YDR034C/YDR035W/YDR158W/YDR234W/YOL064C/YOR202W/YOR375C/YGL026C/YGR192C/YGR267C/YLR303W/YPR167C/YMR062C/YMR108W/YMR246W/YBR115C/YBR248C/YNL277W/YJL200C/YJR009C/YJR010W/YJR016C/YJR109C/YJR137C/YJR139C/YKL211C/YKL152C/YKL001C/YKR069W/YER052C/YER055C/YER086W/YER090W/YER091C/YHR018C/YHR208W/YIL116W/YIL094C/YIL074C/YIR017C/YIR034C/YCL009C/YCR012W,45,Upregulated,8. Mixed origin
GO:0009067,aspartate family amino acid biosynthetic process,19/105,47/4986,0.40425531914893614,19.196352583586624,18.381738618737312,1.1185198045015492e-20,4.645585588029767e-19,3.791193442626303e-19,YDL131W/YDR034C/YDR158W/YDR234W/YOL064C/YLR303W/YPR167C/YBR115C/YNL277W/YJL200C/YJR139C/YKL001C/YKR069W/YER052C/YER091C/YHR208W/YIL094C/YIR017C/YIR034C,19,Upregulated,8. Mixed origin
GO:0009066,aspartate family amino acid metabolic process,20/105,56/4986,0.35714285714285715,16.95918367346939,17.61384028108996,1.919785815708597e-20,7.47516601991535e-19,6.100372032810872e-19,YDL131W/YDR034C/YDR158W/YDR234W/YOL064C/YLR303W/YPR167C/YBR115C/YNL277W/YJL200C/YJR139C/YKL001C/YKR069W/YER052C/YER086W/YER091C/YHR208W/YIL094C/YIR017C/YIR034C,20,Upregulated,8. Mixed origin
GO:0000097,sulfur amino acid biosynthetic process,13/105,34/4986,0.38235294117647056,18.156302521008403,14.721283054018079,4.8372056575983996e-14,1.7726936027551783e-12,1.4466689366068278e-12,YDR158W/YOL064C/YLR303W/YPR167C/YNL277W/YJR137C/YJR139C/YKL001C/YKR069W/YER052C/YER091C/YHR208W/YIR017C,13,Upregulated,8. Mixed origin
GO:0000096,sulfur amino acid metabolic process,14/105,43/4986,0.32558139534883723,15.460465116279071,13.966706656049944,6.595857881150256e-14,2.2828996999758944e-12,1.8630405594126162e-12,YDR158W/YOL064C/YLR303W/YPR167C/YNL277W/YJR010W/YJR137C/YJR139C/YKL001C/YKR069W/YER052C/YER091C/YHR208W/YIR017C,14,Upregulated,8. Mixed origin
GO:0009086,methionine biosynthetic process,12/105,30/4986,0.4,18.994285714285716,14.497810455670741,2.5366160289636935e-13,8.317430452865163e-12,6.787731534567668e-12,YDR158W/YOL064C/YLR303W/YPR167C/YNL277W/YJR139C/YKL001C/YKR069W/YER052C/YER091C/YHR208W/YIR017C,12,Upregulated,8. Mixed origin
GO:0006555,methionine metabolic process,12/105,32/4986,0.375,17.807142857142857,13.98826034183734,6.394970296596607e-13,1.992033247389843e-11,1.625668764871664e-11,YDR158W/YOL064C/YLR303W/YPR167C/YNL277W/YJR139C/YKL001C/YKR069W/YER052C/YER091C/YHR208W/YIR017C,12,Upregulated,8. Mixed origin
GO:0009085,lysine biosynthetic process,9/105,15/4986,0.6,28.49142857142857,15.63845638465259,2.5986762050901583e-12,7.709406075100804e-11,6.29153186495512e-11,YDL131W/YDR034C/YDR158W/YDR234W/YBR115C/YJL200C/YER052C/YIL094C/YIR034C,9,Upregulated,8. Mixed origin
GO:0006553,lysine metabolic process,9/105,16/4986,0.5625,26.710714285714285,15.106670831817976,5.836715211366396e-12,1.652851625764211e-10,1.3488676780334782e-10,YDL131W/YDR034C/YDR158W/YDR234W/YBR115C/YJL200C/YER052C/YIL094C/YIR034C,9,Upregulated,8. Mixed origin
GO:0044272,sulfur compound biosynthetic process,15/105,70/4986,0.21428571428571427,10.175510204081633,11.338252710754643,7.126996655799161e-12,1.9304864854621203e-10,1.575441366018762e-10,YDR158W/YOL064C/YLR303W/YPR167C/YNL277W/YJR010W/YJR137C/YJR139C/YKL001C/YKR069W/YER052C/YER091C/YHR208W/YIR017C/YFR030W,15,Upregulated,8. Mixed origin
GO:0000103,sulfate assimilation,7/105,10/4986,0.7,33.239999999999995,14.96675585597813,1.7128921204286972e-10,4.446382462612826e-9,3.6286267288028987e-9,YOL064C/YPR167C/YJR010W/YJR137C/YKL001C/YKR069W/YFR030W,7,Upregulated,8. Mixed origin
GO:0006790,sulfur compound metabolic process,16/105,115/4986,0.1391304347826087,6.606708074534161,8.92114558297895,1.267158972073538e-9,3.157760158407257e-8,2.5770011937327115e-8,YDR158W/YOL064C/YLR303W/YPR167C/YMR246W/YNL277W/YJR010W/YJR137C/YJR139C/YKL001C/YKR069W/YER052C/YER091C/YHR208W/YIR017C/YFR030W,16,Upregulated,8. Mixed origin
GO:0019878,lysine biosynthetic process via aminoadipic acid,7/105,13/4986,0.5384615384615384,25.569230769230767,13.008488371379423,2.325097515918244e-9,5.5712913554502535e-8,4.546648178900857e-8,YDL131W/YDR034C/YDR234W/YBR115C/YJL200C/YIL094C/YIR034C,7,Upregulated,8. Mixed origin
GO:0009070,serine family amino acid biosynthetic process,8/105,24/4986,0.3333333333333333,15.82857142857143,10.679462163677256,1.6461119605890882e-8,3.662599112310721e-7,2.9889927705433444e-7,YDR158W/YLR303W/YPR167C/YJR139C/YKL001C/YER052C/YIL074C/YIR017C,8,Upregulated,8. Mixed origin
GO:0009073,aromatic amino acid family biosynthetic process,8/105,24/4986,0.3333333333333333,15.82857142857143,10.679462163677256,1.6461119605890882e-8,3.662599112310721e-7,2.9889927705433444e-7,YDR035W/YOR202W/YGL026C/YBR248C/YKL211C/YER055C/YER090W/YIL116W,8,Upregulated,8. Mixed origin
GO:0009069,serine family amino acid metabolic process,9/105,34/4986,0.2647058823529412,12.569747899159664,9.927636416914229,1.952546677108011e-8,4.194608895994106e-7,3.423158058232919e-7,YDR158W/YLR303W/YPR167C/YNL277W/YJR139C/YKL001C/YER052C/YIL074C/YIR017C,9,Upregulated,8. Mixed origin
GO:0009072,aromatic amino acid metabolic process,8/105,35/4986,0.22857142857142856,10.853877551020409,8.579610010279445,4.3474853700625855e-7,9.02827795182997e-6,7.3678436271586975e-6,YDR035W/YOR202W/YGL026C/YBR248C/YKL211C/YER055C/YER090W/YIL116W,8,Upregulated,8. Mixed origin
GO:0009082,branched-chain amino acid biosynthetic process,5/105,13/4986,0.38461538461538464,18.263736263736266,9.140502384576918,4.2375737451034725e-6,8.516156268385366e-5,6.949908722869193e-5,YMR108W/YJR016C/YER086W/YHR208W/YCL009C,5,Upregulated,8. Mixed origin
GO:0009092,homoserine metabolic process,5/105,14/4986,0.35714285714285715,16.95918367346939,8.769643882753705,6.481783167399814e-6,1.2619221604031513e-4,1.0298359440309573e-4,YDR158W/YLR303W/YNL277W/YJR139C/YER052C,5,Upregulated,8. Mixed origin
GO:0019344,cysteine biosynthetic process,4/105,10/4986,0.4,18.994285714285716,8.353476460559222,3.538681546552588e-5,6.680601828794734e-4,5.451939990382456e-4,YLR303W/YPR167C/YKL001C/YIR017C,4,Upregulated,8. Mixed origin
GO:0009079,pyruvate family amino acid biosynthetic process,4/105,11/4986,0.36363636363636365,17.26753246753247,7.921260745325773,5.470883873972904e-5,0.0010024590157309175,8.180919229501278e-4,YMR108W/YJR016C/YHR208W/YCL009C,4,Upregulated,8. Mixed origin
GO:0009081,branched-chain amino acid metabolic process,5/105,21/4986,0.23809523809523808,11.306122448979592,6.940937696215271,5.8571289288844025e-5,0.0010425689493414236,8.508250444063659e-4,YMR108W/YJR016C/YER086W/YHR208W/YCL009C,5,Upregulated,8. Mixed origin
GO:0009078,pyruvate family amino acid metabolic process,4/105,14/4986,0.2857142857142857,13.56734693877551,6.905814198209376,1.5803924482679307e-4,0.0027349569313081137,0.0022319577558871655,YMR108W/YJR016C/YHR208W/YCL009C,4,Upregulated,8. Mixed origin
GO:0006534,cysteine metabolic process,4/105,15/4986,0.26666666666666666,12.662857142857142,6.634398146139251,2.1203152126524142e-4,0.0035701523715742003,0.0029135483576418664,YLR303W/YPR167C/YKL001C/YIR017C,4,Upregulated,8. Mixed origin
GO:0030641,regulation of cellular pH,5/105,32/4986,0.15625,7.419642857142857,5.342944743827585,4.8208351810957034e-4,0.0077009751739041624,0.006284651531630836,YGL008C/YGR020C/YHR026W/YHR039C-A/YCL005W-A,5,Upregulated,8. Mixed origin
GO:0051453,regulation of intracellular pH,5/105,32/4986,0.15625,7.419642857142857,5.342944743827585,4.8208351810957034e-4,0.0077009751739041624,0.006284651531630836,YGL008C/YGR020C/YHR026W/YHR039C-A/YCL005W-A,5,Upregulated,8. Mixed origin
GO:0006885,regulation of pH,5/105,33/4986,0.15151515151515152,7.194805194805195,5.236285127646668,5.587519722911449e-4,0.00870256196843458,0.007102031647805868,YGL008C/YGR020C/YHR026W/YHR039C-A/YCL005W-A,5,Upregulated,8. Mixed origin
GO:1902223,erythrose 4-phosphate/phosphoenolpyruvate family amino acid biosynthetic process,3/105,10/4986,0.3,14.245714285714286,6.149049995419586,9.779984606854719e-4,0.014860805878220707,0.012127683093994427,YGL026C/YKL211C/YER090W,3,Upregulated,8. Mixed origin
GO:0046496,nicotinamide nucleotide metabolic process,7/105,78/4986,0.08974358974358974,4.2615384615384615,4.257849980816832,0.0011635893366036048,0.01725990849295347,0.014085555127306798,YOL059W/YOR222W/YGR192C/YBR145W/YJR009C/YKL152C/YCR012W,7,Upregulated,8. Mixed origin
GO:0019362,pyridine nucleotide metabolic process,7/105,79/4986,0.08860759493670886,4.207594936708861,4.214614557931075,0.0012549467704293102,0.01818213576691768,0.014838171116703963,YOL059W/YOR222W/YGR192C/YBR145W/YJR009C/YKL152C/YCR012W,7,Upregulated,8. Mixed origin
GO:0009084,glutamine family amino acid biosynthetic process,4/105,25/4986,0.16,7.597714285714286,4.8501114948792425,0.001670889170336314,0.023304409446707242,0.019018382635396805,YOR375C/YMR062C/YJR109C/YHR018C,4,Upregulated,8. Mixed origin
GO:0006116,NADH oxidation,3/105,12/4986,0.25,11.871428571428572,5.529644052675372,0.001738730340315107,0.023304409446707242,0.019018382635396805,YOL059W/YOR222W/YBR145W,3,Upregulated,8. Mixed origin
GO:0006526,L-arginine biosynthetic process,3/105,12/4986,0.25,11.871428571428572,5.529644052675372,0.001738730340315107,0.023304409446707242,0.019018382635396805,YMR062C/YJR109C/YHR018C,3,Upregulated,8. Mixed origin
GO:0000747,conjugation with cellular fusion,7/105,85/4986,0.08235294117647059,3.9105882352941177,3.969362004353061,0.0019274874592662373,0.023304409446707242,0.019018382635396805,YOR212W/YGL162W/YGR279C/YLR452C/YNR044W/YHR084W/YCL055W,7,Upregulated,8. Mixed origin
GO:0006096,glycolytic process,4/105,26/4986,0.15384615384615385,7.305494505494505,4.7275683268827295,0.0019430311086451285,0.023304409446707242,0.019018382635396805,YGR192C/YJR009C/YKL152C/YCR012W,4,Upregulated,8. Mixed origin
GO:0009137,purine nucleoside diphosphate catabolic process,4/105,26/4986,0.15384615384615385,7.305494505494505,4.7275683268827295,0.0019430311086451285,0.023304409446707242,0.019018382635396805,YGR192C/YJR009C/YKL152C/YCR012W,4,Upregulated,8. Mixed origin
GO:0009181,purine ribonucleoside diphosphate catabolic process,4/105,26/4986,0.15384615384615385,7.305494505494505,4.7275683268827295,0.0019430311086451285,0.023304409446707242,0.019018382635396805,YGR192C/YJR009C/YKL152C/YCR012W,4,Upregulated,8. Mixed origin
GO:0046032,ADP catabolic process,4/105,26/4986,0.15384615384615385,7.305494505494505,4.7275683268827295,0.0019430311086451285,0.023304409446707242,0.019018382635396805,YGR192C/YJR009C/YKL152C/YCR012W,4,Upregulated,8. Mixed origin
GO:0006568,L-tryptophan metabolic process,3/105,13/4986,0.23076923076923078,10.95824175824176,5.272516397774413,0.002225928308532407,0.023304409446707242,0.019018382635396805,YGL026C/YKL211C/YER090W,3,Upregulated,8. Mixed origin
GO:0006586,indolalkylamine metabolic process,3/105,13/4986,0.23076923076923078,10.95824175824176,5.272516397774413,0.002225928308532407,0.023304409446707242,0.019018382635396805,YGL026C/YKL211C/YER090W,3,Upregulated,8. Mixed origin
GO:0042430,indole-containing compound metabolic process,3/105,13/4986,0.23076923076923078,10.95824175824176,5.272516397774413,0.002225928308532407,0.023304409446707242,0.019018382635396805,YGL026C/YKL211C/YER090W,3,Upregulated,8. Mixed origin
GO:0006094,gluconeogenesis,4/105,27/4986,0.14814814814814814,7.034920634920635,4.611362017037665,0.0022444054041772625,0.023304409446707242,0.019018382635396805,YGR192C/YJR009C/YKL152C/YCR012W,4,Upregulated,8. Mixed origin
GO:0007035,vacuolar acidification,4/105,27/4986,0.14814814814814814,7.034920634920635,4.611362017037665,0.0022444054041772625,0.023304409446707242,0.019018382635396805,YGR020C/YHR026W/YHR039C-A/YCL005W-A,4,Upregulated,8. Mixed origin
GO:0009191,ribonucleoside diphosphate catabolic process,4/105,27/4986,0.14814814814814814,7.034920634920635,4.611362017037665,0.0022444054041772625,0.023304409446707242,0.019018382635396805,YGR192C/YJR009C/YKL152C/YCR012W,4,Upregulated,8. Mixed origin
GO:0019319,hexose biosynthetic process,4/105,27/4986,0.14814814814814814,7.034920634920635,4.611362017037665,0.0022444054041772625,0.023304409446707242,0.019018382635396805,YGR192C/YJR009C/YKL152C/YCR012W,4,Upregulated,8. Mixed origin
GO:0046031,ADP metabolic process,4/105,27/4986,0.14814814814814814,7.034920634920635,4.611362017037665,0.0022444054041772625,0.023304409446707242,0.019018382635396805,YGR192C/YJR009C/YKL152C/YCR012W,4,Upregulated,8. Mixed origin
GO:0051452,intracellular pH reduction,4/105,27/4986,0.14814814814814814,7.034920634920635,4.611362017037665,0.0022444054041772625,0.023304409446707242,0.019018382635396805,YGR020C/YHR026W/YHR039C-A/YCL005W-A,4,Upregulated,8. Mixed origin
GO:0072524,pyridine-containing compound metabolic process,7/105,89/4986,0.07865168539325842,3.7348314606741573,3.817977332088915,0.0025121133943785587,0.023958033435203283,0.019551795470479322,YOL059W/YOR222W/YGR192C/YBR145W/YJR009C/YKL152C/YCR012W,7,Upregulated,8. Mixed origin
GO:0009134,nucleoside diphosphate catabolic process,4/105,28/4986,0.14285714285714285,6.783673469387755,4.50093091899466,0.0025765461318757944,0.023958033435203283,0.019551795470479322,YGR192C/YJR009C/YKL152C/YCR012W,4,Upregulated,8. Mixed origin
GO:0009135,purine nucleoside diphosphate metabolic process,4/105,28/4986,0.14285714285714285,6.783673469387755,4.50093091899466,0.0025765461318757944,0.023958033435203283,0.019551795470479322,YGR192C/YJR009C/YKL152C/YCR012W,4,Upregulated,8. Mixed origin
GO:0009154,purine ribonucleotide catabolic process,4/105,28/4986,0.14285714285714285,6.783673469387755,4.50093091899466,0.0025765461318757944,0.023958033435203283,0.019551795470479322,YGR192C/YJR009C/YKL152C/YCR012W,4,Upregulated,8. Mixed origin
GO:0009179,purine ribonucleoside diphosphate metabolic process,4/105,28/4986,0.14285714285714285,6.783673469387755,4.50093091899466,0.0025765461318757944,0.023958033435203283,0.019551795470479322,YGR192C/YJR009C/YKL152C/YCR012W,4,Upregulated,8. Mixed origin
GO:0019364,pyridine nucleotide catabolic process,4/105,28/4986,0.14285714285714285,6.783673469387755,4.50093091899466,0.0025765461318757944,0.023958033435203283,0.019551795470479322,YGR192C/YJR009C/YKL152C/YCR012W,4,Upregulated,8. Mixed origin
GO:0046364,monosaccharide biosynthetic process,4/105,28/4986,0.14285714285714285,6.783673469387755,4.50093091899466,0.0025765461318757944,0.023958033435203283,0.019551795470479322,YGR192C/YJR009C/YKL152C/YCR012W,4,Upregulated,8. Mixed origin
GO:0043648,dicarboxylic acid metabolic process,5/105,47/4986,0.10638297872340426,5.051671732522797,4.092950519289218,0.0028597763710108332,0.02620059822264337,0.02138191930647419,YDR035W/YDR158W/YOR375C/YGR267C/YER052C,5,Upregulated,8. Mixed origin
GO:0009261,ribonucleotide catabolic process,4/105,29/4986,0.13793103448275862,6.54975369458128,4.395781283312033,0.0029409657398151976,0.02655393704209954,0.02167027387232251,YGR192C/YJR009C/YKL152C/YCR012W,4,Upregulated,8. Mixed origin
GO:0009185,ribonucleoside diphosphate metabolic process,4/105,30/4986,0.13333333333333333,6.331428571428571,4.2954770260847255,0.0033391518858127607,0.029299882040300703,0.023911198826502056,YGR192C/YJR009C/YKL152C/YCR012W,4,Upregulated,8. Mixed origin
GO:0072526,pyridine-containing compound catabolic process,4/105,30/4986,0.13333333333333333,6.331428571428571,4.2954770260847255,0.0033391518858127607,0.029299882040300703,0.023911198826502056,YGR192C/YJR009C/YKL152C/YCR012W,4,Upregulated,8. Mixed origin
GO:1901136,carbohydrate derivative catabolic process,5/105,49/4986,0.10204081632653061,4.845481049562682,3.967253746472717,0.003438895745223106,0.029756000684361045,0.0242834304816193,YOL059W/YGR192C/YJR009C/YKL152C/YCR012W,5,Upregulated,8. Mixed origin
GO:0006195,purine nucleotide catabolic process,4/105,31/4986,0.12903225806451613,6.127188940092166,4.1996313234035965,0.0037725645256697672,0.03219599588345569,0.02627467434604899,YGR192C/YJR009C/YKL152C/YCR012W,4,Upregulated,8. Mixed origin
GO:0006734,NADH metabolic process,3/105,16/4986,0.1875,8.903571428571428,4.643848110961687,0.0041627217809939426,0.035045617156205765,0.028600207968991098,YOL059W/YOR222W/YBR145W,3,Upregulated,8. Mixed origin
GO:0098660,inorganic ion transmembrane transport,9/105,152/4986,0.05921052631578947,2.8116541353383457,3.326722592840891,0.004441812874010977,0.03655506876908623,0.029832049025037846,YGL008C/YGR020C/YLR092W/YBR086C/YNL142W/YKL120W/YHR026W/YHR039C-A/YCL005W-A,9,Upregulated,8. Mixed origin
GO:0006006,glucose metabolic process,5/105,52/4986,0.09615384615384616,4.565934065934067,3.790951559564736,0.004459366334591579,0.03655506876908623,0.029832049025037846,YGR192C/YBR145W/YJR009C/YKL152C/YCR012W,5,Upregulated,8. Mixed origin
GO:0016052,carbohydrate catabolic process,6/105,75/4986,0.08,3.798857142857143,3.5817826115699485,0.004694840843929388,0.03794513124999975,0.030966458382613634,YGR192C/YNL066W/YJR009C/YKL152C/YKR042W/YCR012W,6,Upregulated,8. Mixed origin
GO:0009132,nucleoside diphosphate metabolic process,4/105,33/4986,0.12121212121212122,5.755844155844156,4.019974033006729,0.004750754795345073,0.03794513124999975,0.030966458382613634,YGR192C/YJR009C/YKL152C/YCR012W,4,Upregulated,8. Mixed origin
GO:0015711,organic anion transport,7/105,100/4986,0.07,3.3240000000000003,3.4429619208083677,0.004833168727645299,0.038114735662316726,0.03110487002601838,YOR222W/YOR306C/YLL048C/YMR246W/YBR085W/YBR291C/YKL120W,7,Upregulated,8. Mixed origin
GO:0006525,arginine metabolic process,3/105,17/4986,0.17647058823529413,8.37983193277311,4.4700178842854745,0.004978046262203875,0.03876653526691267,0.03163679400847989,YMR062C/YJR109C/YHR018C,3,Upregulated,8. Mixed origin
GO:0006811,monoatomic ion transport,10/105,184/4986,0.05434782608695652,2.5807453416149064,3.2042955843864576,0.005044728337551518,0.038800811781414764,0.03166476656318887,YGL008C/YGR020C/YGR192C/YLL048C/YLR092W/YBR085W/YBR086C/YHR026W/YHR039C-A/YCL005W-A,10,Upregulated,8. Mixed origin
GO:0170041,non-proteinogenic amino acid metabolic process,4/105,34/4986,0.11764705882352941,5.58655462184874,3.935578120534418,0.005298290906724242,0.04025408823035614,0.032850763901769046,YDL170W/YLR303W/YMR062C/YHR018C,4,Upregulated,8. Mixed origin
GO:0000917,division septum assembly,3/105,18/4986,0.16666666666666666,7.914285714285715,4.30988426092695,0.005883112771237593,0.04314506775923291,0.03521004938364365,YDR245W/YNL066W/YKR042W,3,Upregulated,8. Mixed origin
GO:0090529,cell septum assembly,3/105,18/4986,0.16666666666666666,7.914285714285715,4.30988426092695,0.005883112771237593,0.04314506775923291,0.03521004938364365,YDR245W/YNL066W/YKR042W,3,Upregulated,8. Mixed origin
GO:0009166,nucleotide catabolic process,4/105,35/4986,0.11428571428571428,5.426938775510204,3.854463183310864,0.00588656622718266,0.04314506775923291,0.03521004938364365,YGR192C/YJR009C/YKL152C/YCR012W,4,Upregulated,8. Mixed origin
GO:0046434,organophosphate catabolic process,5/105,57/4986,0.08771929824561403,4.165413533834586,3.525017688826223,0.0066132340734116075,0.04790749799692363,0.039096598010499466,YOL059W/YGR192C/YJR009C/YKL152C/YCR012W,5,Upregulated,8. Mixed origin
GO:1902221,erythrose 4-phosphate/phosphoenolpyruvate family amino acid metabolic process,3/105,19/4986,0.15789473684210525,7.497744360902255,4.161646318560013,0.006880407525077758,0.04927004469107406,0.040208552142922654,YGL026C/YKL211C/YER090W,3,Upregulated,8. Mixed origin
GO:1902600,proton transmembrane transport,31/136,75/4986,0.41333333333333333,15.153529411764707,20.679573739732785,3.9515373060574395e-30,2.3393100851860043e-27,1.9882471918899537e-27,YDL004W/YDR298C/YDR322C-A/YDR377W/YDR529C/YOL122C/YOL077W-A/YOR065W/YGL191W/YGL187C/YGR183C/YLR038C/YLR395C/YPL271W/YPR020W/YPR191W/YML120C/YML081C-A/YML030W/YMR256C/YBL099W/YBL045C/YBR039W/YNL052W/YJL166W/YJR121W/YKL016C/YEL024W/YHR001W-A/YHR051W/YFR033C,31,Downregulated,8. Mixed origin
GO:0006119,oxidative phosphorylation,20/136,31/4986,0.6451612903225806,23.652751423149905,21.184154885123892,8.212659098373636e-25,2.430947093118596e-22,2.0661321310645252e-22,YDR298C/YDR529C/YOR065W/YGL191W/YGL187C/YGR183C/YLR038C/YLR395C/YPL271W/YPR191W/YML120C/YMR256C/YNL052W/YJL166W/YJR048W/YJR121W/YEL024W/YHR001W-A/YHR051W/YFR033C,20,Downregulated,8. Mixed origin
GO:0098662,inorganic cation transmembrane transport,32/136,134/4986,0.23880597014925373,8.755048287971904,15.237287979803613,1.7492306171493292e-22,3.4518150845080096e-20,2.9337973157802786e-20,YDL004W/YDR298C/YDR322C-A/YDR377W/YDR529C/YOL122C/YOL077W-A/YOR065W/YGL191W/YGL187C/YGR183C/YLR038C/YLR395C/YLR411W/YPL271W/YPR020W/YPR191W/YML120C/YML081C-A/YML030W/YMR256C/YBL099W/YBL045C/YBR039W/YNL052W/YJL166W/YJR121W/YKL016C/YEL024W/YHR001W-A/YHR051W/YFR033C,32,Downregulated,8. Mixed origin
GO:0098655,monoatomic cation transmembrane transport,32/136,137/4986,0.23357664233576642,8.563331902103908,15.030676118530604,3.6735568513088574e-22,5.436864139937109e-20,4.6209478287516675e-20,YDL004W/YDR298C/YDR322C-A/YDR377W/YDR529C/YOL122C/YOL077W-A/YOR065W/YGL191W/YGL187C/YGR183C/YLR038C/YLR395C/YLR411W/YPL271W/YPR020W/YPR191W/YML120C/YML081C-A/YML030W/YMR256C/YBL099W/YBL045C/YBR039W/YNL052W/YJL166W/YJR121W/YKL016C/YEL024W/YHR001W-A/YHR051W/YFR033C,32,Downregulated,8. Mixed origin
GO:0098660,inorganic ion transmembrane transport,33/136,152/4986,0.21710526315789475,7.9594620743034055,14.590672505680663,9.028438767353166e-22,1.0689671500546148e-19,9.085460485883817e-20,YDL004W/YDR298C/YDR322C-A/YDR377W/YDR529C/YOL122C/YOL077W-A/YOR065W/YGL191W/YGL187C/YGR183C/YLR038C/YLR395C/YLR411W/YPL271W/YPR020W/YPR191W/YML120C/YML081C-A/YML030W/YMR256C/YBL099W/YBL045C/YBR039W/YNL052W/YJL166W/YJR077C/YJR121W/YKL016C/YEL024W/YHR001W-A/YHR051W/YFR033C,33,Downregulated,8. Mixed origin
GO:0034220,monoatomic ion transmembrane transport,32/136,145/4986,0.2206896551724138,8.090872210953348,14.509327539517596,2.416996821463542e-21,2.1527361556963508e-19,1.8296726216622612e-19,YDL004W/YDR298C/YDR322C-A/YDR377W/YDR529C/YOL122C/YOL077W-A/YOR065W/YGL191W/YGL187C/YGR183C/YLR038C/YLR395C/YLR411W/YPL271W/YPR020W/YPR191W/YML120C/YML081C-A/YML030W/YMR256C/YBL099W/YBL045C/YBR039W/YNL052W/YJL166W/YJR121W/YKL016C/YEL024W/YHR001W-A/YHR051W/YFR033C,32,Downregulated,8. Mixed origin
GO:0045333,cellular respiration,27/136,94/4986,0.2872340425531915,10.530506883604506,15.619526641166509,2.5454650489652797e-21,2.1527361556963508e-19,1.8296726216622612e-19,YDR298C/YDR529C/YOR065W/YGL191W/YGL187C/YGR183C/YGR244C/YLL041C/YLR038C/YLR395C/YPL271W/YPR191W/YML120C/YMR256C/YBL045C/YBL030C/YNL052W/YJL166W/YJR048W/YJR120W/YJR121W/YKL109W/YKL085W/YEL024W/YHR001W-A/YHR051W/YFR033C,27,Downregulated,8. Mixed origin
GO:0009060,aerobic respiration,25/136,80/4986,0.3125,11.456801470588236,15.787423185713674,8.671904853036847e-21,6.417209591247267e-19,5.45417173651528e-19,YDR298C/YDR529C/YOR065W/YGL191W/YGL187C/YGR183C/YGR244C/YLL041C/YLR038C/YLR395C/YPL271W/YPR191W/YML120C/YMR256C/YBL045C/YBL030C/YNL052W/YJL166W/YJR048W/YJR121W/YKL085W/YEL024W/YHR001W-A/YHR051W/YFR033C,25,Downregulated,8. Mixed origin
GO:0006812,monoatomic cation transport,33/136,168/4986,0.19642857142857142,7.20141806722689,13.691260049074428,2.5809313290713126e-20,1.6976792742335743e-18,1.4429066377732018e-18,YDL004W/YDR298C/YDR322C-A/YDR377W/YDR529C/YOL122C/YOL077W-A/YOR065W/YGL191W/YGL187C/YGR183C/YLR038C/YLR395C/YLR411W/YPL271W/YPR020W/YPR191W/YML120C/YML081C-A/YML030W/YMR256C/YBL099W/YBL045C/YBL030C/YBR039W/YNL052W/YJL166W/YJR121W/YKL016C/YEL024W/YHR001W-A/YHR051W/YFR033C,33,Downregulated,8. Mixed origin
GO:0022904,respiratory electron transport chain,17/136,30/4986,0.5666666666666667,20.775000000000002,18.190416240720243,8.246700441220892e-20,4.882046661202768e-18,4.1493924325300906e-18,YDR529C/YOR065W/YGL191W/YGL187C/YGR183C/YLL041C/YLR395C/YPR191W/YML120C/YMR256C/YNL052W/YJL166W/YJR048W/YEL024W/YHR001W-A/YHR051W/YFR033C,17,Downregulated,8. Mixed origin
GO:0019646,aerobic electron transport chain,16/136,26/4986,0.6153846153846154,22.56108597285068,18.456427168151322,1.6209039506034647e-19,8.723410352338647e-18,7.41427835778427e-18,YDR529C/YOR065W/YGL191W/YGL187C/YGR183C/YLR395C/YPR191W/YML120C/YMR256C/YNL052W/YJL166W/YJR048W/YEL024W/YHR001W-A/YHR051W/YFR033C,16,Downregulated,8. Mixed origin
GO:0022900,electron transport chain,17/136,31/4986,0.5483870967741935,20.104838709677416,17.866256275938067,1.784690117980649e-19,8.804471248704537e-18,7.483174354339914e-18,YDR529C/YOR065W/YGL191W/YGL187C/YGR183C/YLL041C/YLR395C/YPR191W/YML120C/YMR256C/YNL052W/YJL166W/YJR048W/YEL024W/YHR001W-A/YHR051W/YFR033C,17,Downregulated,8. Mixed origin
GO:0042773,ATP synthesis coupled electron transport,16/136,27/4986,0.5925925925925926,21.72549019607843,18.08093168712269,3.8880730333211374e-19,1.644099454090081e-17,1.397367601449251e-17,YDR529C/YOR065W/YGL191W/YGL187C/YGR183C/YLR395C/YPR191W/YML120C/YMR256C/YNL052W/YJL166W/YJR048W/YEL024W/YHR001W-A/YHR051W/YFR033C,16,Downregulated,8. Mixed origin
GO:0042775,mitochondrial ATP synthesis coupled electron transport,16/136,27/4986,0.5925925925925926,21.72549019607843,18.08093168712269,3.8880730333211374e-19,1.644099454090081e-17,1.397367601449251e-17,YDR529C/YOR065W/YGL191W/YGL187C/YGR183C/YLR395C/YPR191W/YML120C/YMR256C/YNL052W/YJL166W/YJR048W/YEL024W/YHR001W-A/YHR051W/YFR033C,16,Downregulated,8. Mixed origin
GO:0006811,monoatomic ion transport,33/136,184/4986,0.1793478260869565,6.575207800511508,12.902981036865857,5.080515796708937e-19,2.0051102344344606e-17,1.7042010882995594e-17,YDL004W/YDR298C/YDR322C-A/YDR377W/YDR529C/YOL122C/YOL077W-A/YOR065W/YGL191W/YGL187C/YGR183C/YLR038C/YLR395C/YLR411W/YPL271W/YPR020W/YPR191W/YML120C/YML081C-A/YML030W/YMR256C/YBL099W/YBL045C/YBL030C/YBR039W/YNL052W/YJL166W/YJR121W/YKL016C/YEL024W/YHR001W-A/YHR051W/YFR033C,33,Downregulated,8. Mixed origin
GO:0055085,transmembrane transport,46/136,390/4986,0.11794871794871795,4.32420814479638,11.448844821766818,7.140811510780136e-19,2.64210025898865e-17,2.2455973040479637e-17,YDL004W/YDR046C/YDR298C/YDR322C-A/YDR377W/YDR508C/YDR529C/YOL122C/YOL077W-A/YOL020W/YOR065W/YGL191W/YGL187C/YGR055W/YGR183C/YGR243W/YLR038C/YLR395C/YLR411W/YPL271W/YPL221W/YPL134C/YPR020W/YPR191W/YML120C/YML081C-A/YML030W/YMR256C/YBL099W/YBL045C/YBL030C/YBR039W/YBR068C/YNL052W/YJL166W/YJR077C/YJR121W/YKL016C/YKR016W/YKR093W/YEL024W/YER048C/YHR001W-A/YHR051W/YFR033C/YFR053C,46,Downregulated,8. Mixed origin
GO:0006754,ATP biosynthetic process,13/136,16/4986,0.8125,29.787683823529413,19.311663587483864,1.3578672737141279e-18,4.465874589104242e-17,3.795675770966977e-17,YDL004W/YDR298C/YDR322C-A/YDR377W/YOL077W-A/YOR020W-A/YPL271W/YPR020W/YML081C-A/YBL099W/YBR039W/YJR121W/YKL016C,13,Downregulated,8. Mixed origin
GO:0015986,proton motive force-driven ATP synthesis,13/136,16/4986,0.8125,29.787683823529413,19.311663587483864,1.3578672737141279e-18,4.465874589104242e-17,3.795675770966977e-17,YDL004W/YDR298C/YDR322C-A/YDR377W/YOL077W-A/YOR020W-A/YPL271W/YPR020W/YML081C-A/YBL099W/YBR039W/YJR121W/YKL016C,13,Downregulated,8. Mixed origin
GO:0015980,energy derivation by oxidation of organic compounds,28/136,143/4986,0.1958041958041958,7.178527354997944,12.552404452037214,3.1686520805125893e-17,9.8728527982287e-16,8.391222684127522e-16,YDR298C/YDR529C/YOR065W/YGL191W/YGL187C/YGR183C/YGR244C/YLL041C/YLR038C/YLR395C/YPL271W/YPR191W/YML120C/YMR145C/YMR256C/YBL045C/YBL030C/YNL052W/YJL166W/YJR048W/YJR120W/YJR121W/YKL109W/YKL085W/YEL024W/YHR001W-A/YHR051W/YFR033C,28,Downregulated,8. Mixed origin
GO:0009145,purine nucleoside triphosphate biosynthetic process,13/136,20/4986,0.65,23.83014705882353,17.12976935468281,1.712805538546049e-16,4.828480375329814e-15,4.103864899373491e-15,YDL004W/YDR298C/YDR322C-A/YDR377W/YOL077W-A/YOR020W-A/YPL271W/YPR020W/YML081C-A/YBL099W/YBR039W/YJR121W/YKL016C,13,Downregulated,8. Mixed origin
GO:0009206,purine ribonucleoside triphosphate biosynthetic process,13/136,20/4986,0.65,23.83014705882353,17.12976935468281,1.712805538546049e-16,4.828480375329814e-15,4.103864899373491e-15,YDL004W/YDR298C/YDR322C-A/YDR377W/YOL077W-A/YOR020W-A/YPL271W/YPR020W/YML081C-A/YBL099W/YBR039W/YJR121W/YKL016C,13,Downregulated,8. Mixed origin
GO:0006091,generation of precursor metabolites and energy,30/136,186/4986,0.16129032258064516,5.913187855787476,11.434847823594875,5.76405977372852e-16,1.5510560845669472e-14,1.3182873549484366e-14,YDR298C/YDR529C/YOR065W/YGL191W/YGL187C/YGR183C/YGR244C/YLL041C/YLR038C/YLR345W/YLR395C/YPL271W/YPR191W/YML120C/YMR145C/YMR256C/YBL045C/YBL030C/YNL052W/YJL166W/YJR048W/YJR120W/YJR121W/YKL109W/YKL085W/YEL024W/YHR001W-A/YHR051W/YFR033C/YFR053C,30,Downregulated,8. Mixed origin
GO:0006696,ergosterol biosynthetic process,15/136,34/4986,0.4411764705882353,16.174307958477506,14.865831313102172,1.887907315795005e-15,4.656838045627679e-14,3.957981126973738e-14,YGL012W/YGL001C/YLR100W/YPL028W/YML126C/YML075C/YML008C/YMR134W/YMR208W/YMR220W/YNR043W/YJL167W/YKL150W/YHR072W/YHR190W,15,Downregulated,8. Mixed origin
GO:0016129,phytosteroid biosynthetic process,15/136,34/4986,0.4411764705882353,16.174307958477506,14.865831313102172,1.887907315795005e-15,4.656838045627679e-14,3.957981126973738e-14,YGL012W/YGL001C/YLR100W/YPL028W/YML126C/YML075C/YML008C/YMR134W/YMR208W/YMR220W/YNR043W/YJL167W/YKL150W/YHR072W/YHR190W,15,Downregulated,8. Mixed origin
GO:0009201,ribonucleoside triphosphate biosynthetic process,13/136,23/4986,0.5652173913043478,20.721867007672632,15.873436993188779,2.3575298310061644e-15,5.5826306398225974e-14,4.7448389861934595e-14,YDL004W/YDR298C/YDR322C-A/YDR377W/YOL077W-A/YOR020W-A/YPL271W/YPR020W/YML081C-A/YBL099W/YBR039W/YJR121W/YKL016C,13,Downregulated,8. Mixed origin
GO:1902653,secondary alcohol biosynthetic process,15/136,36/4986,0.4166666666666667,15.275735294117647,14.393894116642509,5.407712167457459e-15,1.23129446274416e-13,1.046512719046423e-13,YGL012W/YGL001C/YLR100W/YPL028W/YML126C/YML075C/YML008C/YMR134W/YMR208W/YMR220W/YNR043W/YJL167W/YKL150W/YHR072W/YHR190W,15,Downregulated,8. Mixed origin
GO:0008204,ergosterol metabolic process,15/136,38/4986,0.39473684210526316,14.471749226006192,13.958286525504338,1.4346840553900945e-14,3.033332002824771e-13,2.5781164604378393e-13,YGL012W/YGL001C/YLR100W/YPL028W/YML126C/YML075C/YML008C/YMR134W/YMR208W/YMR220W/YNR043W/YJL167W/YKL150W/YHR072W/YHR190W,15,Downregulated,8. Mixed origin
GO:0016128,phytosteroid metabolic process,15/136,38/4986,0.39473684210526316,14.471749226006192,13.958286525504338,1.4346840553900945e-14,3.033332002824771e-13,2.5781164604378393e-13,YGL012W/YGL001C/YLR100W/YPL028W/YML126C/YML075C/YML008C/YMR134W/YMR208W/YMR220W/YNR043W/YJL167W/YKL150W/YHR072W/YHR190W,15,Downregulated,8. Mixed origin
GO:0009142,nucleoside triphosphate biosynthetic process,13/136,26/4986,0.5,18.330882352941178,14.835345877736744,1.9988054225151907e-14,4.080320034927562e-13,3.4679818220045784e-13,YDL004W/YDR298C/YDR322C-A/YDR377W/YOL077W-A/YOR020W-A/YPL271W/YPR020W/YML081C-A/YBL099W/YBR039W/YJR121W/YKL016C,13,Downregulated,8. Mixed origin
GO:0016126,sterol biosynthetic process,15/136,41/4986,0.36585365853658536,13.412840746054519,13.363220363925373,5.4877587263504124e-14,1.0829177219998148e-12,9.204030425247358e-13,YGL012W/YGL001C/YLR100W/YPL028W/YML126C/YML075C/YML008C/YMR134W/YMR208W/YMR220W/YNR043W/YJL167W/YKL150W/YHR072W/YHR190W,15,Downregulated,8. Mixed origin
GO:0006694,steroid biosynthetic process,15/136,42/4986,0.35714285714285715,13.093487394957984,13.178565415060554,8.341234192163171e-14,1.5929066586324508e-12,1.353857366334124e-12,YGL012W/YGL001C/YLR100W/YPL028W/YML126C/YML075C/YML008C/YMR134W/YMR208W/YMR220W/YNR043W/YJL167W/YKL150W/YHR072W/YHR190W,15,Downregulated,8. Mixed origin
GO:0046034,ATP metabolic process,15/136,44/4986,0.3409090909090909,12.498328877005347,12.827465644384146,1.8556335794690818e-13,3.4329221220178013e-12,2.917739641402043e-12,YDL004W/YDR298C/YDR322C-A/YDR377W/YOL077W-A/YOR020W-A/YLR345W/YPL271W/YPR020W/YML081C-A/YBL099W/YBR039W/YJR121W/YKL016C/YFR053C,15,Downregulated,8. Mixed origin
GO:0006122,"mitochondrial electron transport, ubiquinol to cytochrome c",9/136,11/4986,0.8181818181818182,29.995989304812834,16.120143262505607,3.372619269314912e-13,6.050274567983114e-12,5.142303064537569e-12,YDR529C/YOR065W/YGR183C/YPR191W/YJL166W/YJR048W/YEL024W/YHR001W-A/YFR033C,9,Downregulated,8. Mixed origin
GO:0009205,purine ribonucleoside triphosphate metabolic process,15/136,48/4986,0.3125,11.456801470588236,12.189197244624603,8.043359367522424e-13,1.3604767844495072e-11,1.156308504564126e-11,YDL004W/YDR298C/YDR322C-A/YDR377W/YOL077W-A/YOR020W-A/YLR345W/YPL271W/YPR020W/YML081C-A/YBL099W/YBR039W/YJR121W/YKL016C/YFR053C,15,Downregulated,8. Mixed origin
GO:1902652,secondary alcohol metabolic process,15/136,48/4986,0.3125,11.456801470588236,12.189197244624603,8.043359367522424e-13,1.3604767844495072e-11,1.156308504564126e-11,YGL012W/YGL001C/YLR100W/YPL028W/YML126C/YML075C/YML008C/YMR134W/YMR208W/YMR220W/YNR043W/YJL167W/YKL150W/YHR072W/YHR190W,15,Downregulated,8. Mixed origin
GO:0009144,purine nucleoside triphosphate metabolic process,15/136,50/4986,0.3,10.998529411764705,11.897746772947745,1.581038746360447e-12,2.599930382903846e-11,2.2097559086558295e-11,YDL004W/YDR298C/YDR322C-A/YDR377W/YOL077W-A/YOR020W-A/YLR345W/YPL271W/YPR020W/YML081C-A/YBL099W/YBR039W/YJR121W/YKL016C/YFR053C,15,Downregulated,8. Mixed origin
GO:0009199,ribonucleoside triphosphate metabolic process,15/136,52/4986,0.28846153846153844,10.575509049773755,11.622381757754784,3.0053436792888356e-12,4.808549886862137e-11,4.086925401707151e-11,YDL004W/YDR298C/YDR322C-A/YDR377W/YOL077W-A/YOR020W-A/YLR345W/YPL271W/YPR020W/YML081C-A/YBL099W/YBR039W/YJR121W/YKL016C/YFR053C,15,Downregulated,8. Mixed origin
GO:0016125,sterol metabolic process,15/136,53/4986,0.2830188679245283,10.375971143174251,11.490258659995353,4.095682175982465e-12,6.380641705741103e-11,5.423091634680383e-11,YGL012W/YGL001C/YLR100W/YPL028W/YML126C/YML075C/YML008C/YMR134W/YMR208W/YMR220W/YNR043W/YJL167W/YKL150W/YHR072W/YHR190W,15,Downregulated,8. Mixed origin
GO:0008202,steroid metabolic process,15/136,55/4986,0.2727272727272727,9.998663101604278,11.236291627407633,7.444492657748328e-12,1.1300358085607718e-10,9.604500648862891e-11,YGL012W/YGL001C/YLR100W/YPL028W/YML126C/YML075C/YML008C/YMR134W/YMR208W/YMR220W/YNR043W/YJL167W/YKL150W/YHR072W/YHR190W,15,Downregulated,8. Mixed origin
GO:0009152,purine ribonucleotide biosynthetic process,13/136,40/4986,0.325,11.915073529411766,11.60541757765298,1.6697388083695888e-11,2.4712134363869916e-10,2.1003556589491145e-10,YDL004W/YDR298C/YDR322C-A/YDR377W/YOL077W-A/YOR020W-A/YPL271W/YPR020W/YML081C-A/YBL099W/YBR039W/YJR121W/YKL016C,13,Downregulated,8. Mixed origin
GO:0072521,purine-containing compound metabolic process,24/136,172/4986,0.13953488372093023,5.115595075239398,9.197609894679317,1.7801090083925246e-11,2.570303738947255e-10,2.1845753684509033e-10,YDL004W/YDR298C/YDR322C-A/YDR377W/YOL077W-A/YOR020W-A/YGR244C/YLR345W/YPL271W/YPL134C/YPR020W/YML126C/YML120C/YML081C-A/YML075C/YMR145C/YMR208W/YMR220W/YBL099W/YBR039W/YNR043W/YJR121W/YKL016C/YFR053C,24,Downregulated,8. Mixed origin
GO:0009141,nucleoside triphosphate metabolic process,15/136,59/4986,0.2542372881355932,9.320787637088733,10.765403912923269,2.2749255425501544e-11,3.2065617171183126e-10,2.7253493968395334e-10,YDL004W/YDR298C/YDR322C-A/YDR377W/YOL077W-A/YOR020W-A/YLR345W/YPL271W/YPR020W/YML081C-A/YBL099W/YBR039W/YJR121W/YKL016C/YFR053C,15,Downregulated,8. Mixed origin
GO:0046165,alcohol biosynthetic process,16/136,72/4986,0.2222222222222222,8.147058823529411,10.228388020482225,4.3473316662843006e-11,5.985163596372804e-10,5.08696336960562e-10,YGL012W/YGL001C/YLR100W/YPL028W/YML126C/YML075C/YML008C/YMR134W/YMR208W/YMR220W/YNR043W/YJL167W/YKL150W/YER062C/YHR072W/YHR190W,16,Downregulated,8. Mixed origin
GO:0009150,purine ribonucleotide metabolic process,15/136,69/4986,0.21739130434782608,7.969948849104859,9.76191896842494,2.5634819228109266e-10,3.4490484052365195e-9,2.931445835176131e-9,YDL004W/YDR298C/YDR322C-A/YDR377W/YOL077W-A/YOR020W-A/YLR345W/YPL271W/YPR020W/YML081C-A/YBL099W/YBR039W/YJR121W/YKL016C/YFR053C,15,Downregulated,8. Mixed origin
GO:0006066,alcohol metabolic process,18/136,111/4986,0.16216216216216217,5.9451510333863284,8.822362649987406,6.290575474128923e-10,8.275601512631827e-9,7.033672693879824e-9,YOR120W/YGL012W/YGL001C/YLR100W/YPL028W/YML126C/YML075C/YML008C/YMR134W/YMR145C/YMR208W/YMR220W/YNR043W/YJL167W/YKL150W/YER062C/YHR072W/YHR190W,18,Downregulated,8. Mixed origin
GO:0009260,ribonucleotide biosynthetic process,13/136,53/4986,0.24528301886792453,8.992508324084351,9.794824086329678,8.626255036893337e-10,1.1101615177914903e-08,9.435583312665939e-9,YDL004W/YDR298C/YDR322C-A/YDR377W/YOL077W-A/YOR020W-A/YPL271W/YPR020W/YML081C-A/YBL099W/YBR039W/YJR121W/YKL016C,13,Downregulated,8. Mixed origin
GO:0006123,"mitochondrial electron transport, cytochrome c to oxygen",7/136,11/4986,0.6363636363636364,23.330213903743317,12.414346116170922,2.9031653799969015e-9,3.656752989272693e-8,3.107979958876862e-8,YGL191W/YGL187C/YLR395C/YMR256C/YNL052W/YJR048W/YHR051W,7,Downregulated,8. Mixed origin
GO:0046390,ribose phosphate biosynthetic process,13/136,59/4986,0.22033898305084745,8.078015952143568,9.157510556728935,3.608286559954682e-9,4.4502200906107746e-8,3.78237056065425e-8,YDL004W/YDR298C/YDR322C-A/YDR377W/YOL077W-A/YOR020W-A/YPL271W/YPR020W/YML081C-A/YBL099W/YBR039W/YJR121W/YKL016C,13,Downregulated,8. Mixed origin
GO:0009259,ribonucleotide metabolic process,15/136,83/4986,0.18072289156626506,6.6256201275691,8.653856087646076,3.975264375187909e-9,4.802768387982127e-8,4.082011538861054e-8,YDL004W/YDR298C/YDR322C-A/YDR377W/YOL077W-A/YOR020W-A/YLR345W/YPL271W/YPR020W/YML081C-A/YBL099W/YBR039W/YJR121W/YKL016C/YFR053C,15,Downregulated,8. Mixed origin
GO:0006753,nucleoside phosphate metabolic process,24/136,223/4986,0.10762331838565023,3.9456607755209707,7.535742303992585,4.288002620478068e-9,5.076995102646032e-8,4.3150847422916134e-8,YDL004W/YDR298C/YDR322C-A/YDR377W/YOL077W-A/YOR020W-A/YGR244C/YLR345W/YPL271W/YPL134C/YPR020W/YML126C/YML120C/YML081C-A/YML075C/YMR145C/YMR208W/YMR220W/YBL099W/YBR039W/YNR043W/YJR121W/YKL016C/YFR053C,24,Downregulated,8. Mixed origin
GO:0006163,purine nucleotide metabolic process,18/136,126/4986,0.14285714285714285,5.237394957983192,8.066724959490106,5.232314564095258e-9,6.073588670479201e-8,5.162118393472721e-8,YDL004W/YDR298C/YDR322C-A/YDR377W/YOL077W-A/YOR020W-A/YLR345W/YPL271W/YPL134C/YPR020W/YML120C/YML081C-A/YMR145C/YBL099W/YBR039W/YJR121W/YKL016C/YFR053C,18,Downregulated,8. Mixed origin
GO:0006164,purine nucleotide biosynthetic process,13/136,62/4986,0.20967741935483872,7.6871442125237195,8.871737391478119,6.9069134429414875e-9,7.863255304271847e-8,6.683207744384679e-8,YDL004W/YDR298C/YDR322C-A/YDR377W/YOL077W-A/YOR020W-A/YPL271W/YPR020W/YML081C-A/YBL099W/YBR039W/YJR121W/YKL016C,13,Downregulated,8. Mixed origin
GO:0008299,isoprenoid biosynthetic process,8/136,18/4986,0.4444444444444444,16.294117647058822,10.884313738868954,8.676104575486133e-9,9.69104511073168e-8,8.23669908060054e-8,YML126C/YML075C/YMR208W/YMR220W/YNR043W/YJL167W/YHR072W/YHR190W,8,Downregulated,8. Mixed origin
GO:0055086,nucleobase-containing small molecule metabolic process,24/136,235/4986,0.10212765957446808,3.744180225281602,7.215812049407823,1.2309722351720229e-8,1.3495103022626622e-7,1.1469877746827034e-7,YDL004W/YDR298C/YDR322C-A/YDR377W/YOL077W-A/YOR020W-A/YGR244C/YLR345W/YPL271W/YPL134C/YPR020W/YML126C/YML120C/YML081C-A/YML075C/YMR145C/YMR208W/YMR220W/YBL099W/YBR039W/YNR043W/YJR121W/YKL016C/YFR053C,24,Downregulated,8. Mixed origin
GO:0019693,ribose phosphate metabolic process,15/136,90/4986,0.16666666666666666,6.110294117647059,8.19176740539561,1.2718142722615266e-8,1.3689346348705887e-7,1.1634970758679612e-7,YDL004W/YDR298C/YDR322C-A/YDR377W/YOL077W-A/YOR020W-A/YLR345W/YPL271W/YPR020W/YML081C-A/YBL099W/YBR039W/YJR121W/YKL016C/YFR053C,15,Downregulated,8. Mixed origin
GO:0006720,isoprenoid metabolic process,8/136,19/4986,0.42105263157894735,15.436532507739939,10.556593042967119,1.4643881376197806e-8,1.5480674597694823e-7,1.3157472364328104e-7,YML126C/YML075C/YMR208W/YMR220W/YNR043W/YJL167W/YHR072W/YHR190W,8,Downregulated,8. Mixed origin
GO:0019637,organophosphate metabolic process,30/136,385/4986,0.07792207792207792,2.856760886172651,6.3502583349222155,8.325053762432224e-8,8.646371626947152e-7,7.348800920484955e-7,YDL004W/YDR072C/YDR298C/YDR322C-A/YDR377W/YOL077W-A/YOR020W-A/YOR120W/YGR157W/YGR244C/YLR345W/YPL271W/YPL134C/YPL057C/YPR020W/YML126C/YML120C/YML081C-A/YML075C/YMR145C/YMR208W/YMR220W/YBL099W/YBR039W/YNR043W/YJL167W/YJR121W/YKL016C/YHR190W/YFR053C,30,Downregulated,8. Mixed origin
GO:0072522,purine-containing compound biosynthetic process,13/136,84/4986,0.15476190476190477,5.6738445378151265,7.233665438517368,3.115244627227624e-7,3.1796979643426782e-6,2.7025171176312235e-6,YDL004W/YDR298C/YDR322C-A/YDR377W/YOL077W-A/YOR020W-A/YPL271W/YPR020W/YML081C-A/YBL099W/YBR039W/YJR121W/YKL016C,13,Downregulated,8. Mixed origin
GO:0006793,phosphorus metabolic process,32/136,456/4986,0.07017543859649122,2.5727554179566563,5.899642241119079,3.280627394280566e-7,3.2917481651086357e-6,2.7977518188512233e-6,YDL004W/YDR072C/YDR298C/YDR322C-A/YDR377W/YOL077W-A/YOR020W-A/YOR120W/YGR157W/YGR194C/YGR244C/YLR345W/YPL271W/YPL134C/YPL057C/YPR020W/YML126C/YML120C/YML081C-A/YML075C/YMR145C/YMR208W/YMR220W/YBL099W/YBR039W/YNL217W/YNR043W/YJL167W/YJR121W/YKL016C/YHR190W/YFR053C,32,Downregulated,8. Mixed origin
GO:0008610,lipid biosynthetic process,21/136,223/4986,0.09417040358744394,3.4524531785808494,6.2739930272942654,4.5439108809657696e-7,4.483325402552893e-6,3.8105077212309437e-6,YDL110C/YDR072C/YGL012W/YGL001C/YGR157W/YLR100W/YPL221W/YPL087W/YPL057C/YPL028W/YML126C/YML075C/YML008C/YMR134W/YMR208W/YMR220W/YNR043W/YJL167W/YKL150W/YHR072W/YHR190W,21,Downregulated,8. Mixed origin
GO:0009117,nucleotide metabolic process,18/136,169/4986,0.10650887573964497,3.904803341454925,6.4328426845616935,5.353439662404622e-7,5.195469311710715e-6,4.415779393665935e-6,YDL004W/YDR298C/YDR322C-A/YDR377W/YOL077W-A/YOR020W-A/YLR345W/YPL271W/YPL134C/YPR020W/YML120C/YML081C-A/YMR145C/YBL099W/YBR039W/YJR121W/YKL016C/YFR053C,18,Downregulated,8. Mixed origin
GO:0006796,phosphate-containing compound metabolic process,31/136,443/4986,0.06997742663656885,2.5654959500730317,5.779810629225727,5.601118803280719e-7,5.348165050874493e-6,4.5455599116607536e-6,YDL004W/YDR072C/YDR298C/YDR322C-A/YDR377W/YOL077W-A/YOR020W-A/YOR120W/YGR157W/YGR194C/YGR244C/YLR345W/YPL271W/YPL134C/YPL057C/YPR020W/YML126C/YML120C/YML081C-A/YML075C/YMR145C/YMR208W/YMR220W/YBL099W/YBR039W/YNR043W/YJL167W/YJR121W/YKL016C/YHR190W/YFR053C,31,Downregulated,8. Mixed origin
GO:0009165,nucleotide biosynthetic process,13/136,92/4986,0.14130434782608695,5.180466751918158,6.776693929877762,9.222820653136164e-7,8.66652353437557e-6,7.3659286085197755e-6,YDL004W/YDR298C/YDR322C-A/YDR377W/YOL077W-A/YOR020W-A/YPL271W/YPR020W/YML081C-A/YBL099W/YBR039W/YJR121W/YKL016C,13,Downregulated,8. Mixed origin
GO:0090407,organophosphate biosynthetic process,20/136,253/4986,0.07905138339920949,2.8981632178563124,5.188678096210779,1.3305576529417162e-5,1.2307658289710874e-4,1.0460634179377307e-4,YDL004W/YDR298C/YDR322C-A/YDR377W/YOL077W-A/YOR020W-A/YGR157W/YPL271W/YPL057C/YPR020W/YML126C/YML081C-A/YMR208W/YMR220W/YBL099W/YBR039W/YNR043W/YJL167W/YJR121W/YKL016C,20,Downregulated,8. Mixed origin
GO:1901293,nucleoside phosphate biosynthetic process,13/136,119/4986,0.1092436974789916,4.005066732575383,5.555563225381766,1.71804973068143e-5,1.5647468316360103e-4,1.3299235162197954e-4,YDL004W/YDR298C/YDR322C-A/YDR377W/YOL077W-A/YOR020W-A/YPL271W/YPR020W/YML081C-A/YBL099W/YBR039W/YJR121W/YKL016C,13,Downregulated,8. Mixed origin
GO:0043603,amide metabolic process,11/136,100/4986,0.11,4.032794117647059,5.129763746586853,7.389170991537705e-5,6.627862465136851e-4,5.633211696897964e-4,YDR513W/YGR244C/YPL111W/YPL087W/YML126C/YML075C/YMR170C/YMR208W/YMR220W/YNR043W/YER163C,11,Downregulated,8. Mixed origin
GO:0044283,small molecule biosynthetic process,21/136,315/4986,0.06666666666666667,2.4441176470588233,4.433881526221,1.0250829324919705e-4,9.05744919455592e-4,7.698187615572064e-4,YDL110C/YDR007W/YGL012W/YGL001C/YLR100W/YPL028W/YML126C/YML075C/YML008C/YMR009W/YMR134W/YMR170C/YMR208W/YMR220W/YNR043W/YJL167W/YJR148W/YKL150W/YER062C/YHR072W/YHR190W,21,Downregulated,8. Mixed origin
GO:0042407,cristae formation,4/136,11/4986,0.36363636363636365,13.331550802139038,6.8556503966688975,1.5061660139711807e-4,0.0013112504121631453,0.001114469589285177,YDR322C-A/YPR020W/YKR016W/YCL057C-A,4,Downregulated,8. Mixed origin
GO:0006629,lipid metabolic process,21/136,330/4986,0.06363636363636363,2.333021390374331,4.195838549212892,1.983629562707812e-4,0.0017018966682942388,0.0014464911227678628,YDL110C/YDR072C/YGL012W/YGL001C/YGR157W/YLR100W/YPL221W/YPL087W/YPL057C/YPL028W/YML126C/YML075C/YML008C/YMR134W/YMR208W/YMR220W/YNR043W/YJL167W/YKL150W/YHR072W/YHR190W,21,Downregulated,8. Mixed origin
GO:0007005,mitochondrion organization,15/136,200/4986,0.075,2.7496323529411764,4.228697487109666,3.126693812025597e-4,0.002644289623884505,0.0022474581084935873,YDR322C-A/YDR529C/YGL191W/YGR183C/YLR038C/YPR020W/YML091C/YML081C-A/YML030W/YMR134W/YBR269C/YJR120W/YKR016W/YHL021C/YCL057C-A,15,Downregulated,8. Mixed origin
GO:0006637,acyl-CoA metabolic process,5/136,25/4986,0.2,7.332352941176471,5.3147356721916825,4.8003784706162304e-4,0.003946977853617789,0.0033546504516879503,YGR244C/YML126C/YMR208W/YMR220W/YNR043W,5,Downregulated,8. Mixed origin
GO:0035383,thioester metabolic process,5/136,25/4986,0.2,7.332352941176471,5.3147356721916825,4.8003784706162304e-4,0.003946977853617789,0.0033546504516879503,YGR244C/YML126C/YMR208W/YMR220W/YNR043W,5,Downregulated,8. Mixed origin
GO:0006084,acetyl-CoA metabolic process,4/136,15/4986,0.26666666666666666,9.776470588235293,5.69999947831858,5.721570693874385e-4,0.004639958699689912,0.003943634883449108,YML126C/YMR208W/YMR220W/YNR043W,4,Downregulated,8. Mixed origin
GO:0003333,amino acid transmembrane transport,6/136,40/4986,0.15,5.499264705882353,4.783829038206648,6.596317064431347e-4,0.005277053651545078,0.004485120279940517,YDR046C/YDR508C/YOL020W/YGR055W/YPL134C/YBR068C,6,Downregulated,8. Mixed origin
GO:1901135,carbohydrate derivative metabolic process,18/136,287/4986,0.0627177700348432,2.2993441278950604,3.7965889564906394,7.031956269982243e-4,0.005550557482439317,0.0047175790835810695,YDL004W/YDR072C/YDR298C/YDR322C-A/YDR377W/YOL077W-A/YOR020W-A/YOR120W/YLR345W/YPL271W/YPL057C/YPR020W/YML081C-A/YBL099W/YBR039W/YJR121W/YKL016C/YFR053C,18,Downregulated,8. Mixed origin
GO:0033108,mitochondrial respiratory chain complex assembly,7/136,58/4986,0.1206896551724138,4.424695740365112,4.392702659364916,9.06170376530325e-4,0.007058590301394111,0.005999299722735393,YDR529C/YGL191W/YGR183C/YLR038C/YML081C-A/YML030W/YBR269C,7,Downregulated,8. Mixed origin
GO:0006790,sulfur compound metabolic process,10/136,115/4986,0.08695652173913043,3.1879795396419435,3.974790819615355,0.0010651762983263492,0.008189407384535049,0.006960413815447641,YDR513W/YGR244C/YML126C/YML075C/YMR009W/YMR208W/YMR220W/YNR043W/YJR148W/YER163C,10,Downregulated,8. Mixed origin
GO:0098739,import across plasma membrane,4/136,18/4986,0.2222222222222222,8.147058823529411,5.0863235356637615,0.0012035086620324066,0.009134322152861342,0.007763524162638198,YDR508C/YGR055W/YKR093W/YFR053C,4,Downregulated,8. Mixed origin
GO:1901137,carbohydrate derivative biosynthetic process,14/136,206/4986,0.06796116504854369,2.491576242147344,3.660970972214255,0.0013273729481149197,0.009946896016253575,0.008454154153216945,YDL004W/YDR298C/YDR322C-A/YDR377W/YOL077W-A/YOR020W-A/YPL271W/YPL057C/YPR020W/YML081C-A/YBL099W/YBR039W/YJR121W/YKL016C,14,Downregulated,8. Mixed origin
GO:0006865,amino acid transport,6/136,47/4986,0.1276595744680851,4.680225281602002,4.244582571705124,0.001578192916087775,0.011678627579049536,0.009926002814341533,YDR046C/YDR508C/YOL020W/YGR055W/YPL134C/YBR068C,6,Downregulated,8. Mixed origin
GO:0006116,NADH oxidation,3/136,12/4986,0.25,9.165441176470589,4.741858096672033,0.003645496001732691,0.02664362509908337,0.0226451863395481,YPL134C/YML120C/YMR145C,3,Downregulated,8. Mixed origin
GO:0046835,carbohydrate phosphorylation,3/136,13/4986,0.23076923076923078,8.460407239819006,4.509788217505036,0.004645327384985126,0.03313293749290595,0.028160640330030316,YGR194C/YLR345W/YFR053C,3,Downregulated,8. Mixed origin
GO:1901679,nucleotide transmembrane transport,3/136,13/4986,0.23076923076923078,8.460407239819006,4.509788217505036,0.004645327384985126,0.03313293749290595,0.028160640330030316,YPL221W/YPL134C/YBL030C,3,Downregulated,8. Mixed origin
GO:0015711,organic anion transport,8/136,100/4986,0.08,2.9329411764705884,3.269437748394394,0.005625662849133839,0.03964752865103848,0.033697579472255323,YDR508C/YOL020W/YGR055W/YGR243W/YPL221W/YPL134C/YBL030C/YBR068C,8,Downregulated,8. Mixed origin
GO:0046942,carboxylic acid transport,6/136,61/4986,0.09836065573770492,3.6060752169720343,3.4290981228795863,0.005977938012198664,0.041634580037901284,0.03538643182453203,YDR508C/YOL020W/YGR055W/YGR243W/YPL134C/YBR068C,6,Downregulated,8. Mixed origin
GO:0015849,organic acid transport,6/136,62/4986,0.0967741935483871,3.5479127134724857,3.3802789011193544,0.006473376180326071,0.044560915101779466,0.03787360849688937,YDR508C/YOL020W/YGR055W/YGR243W/YPL134C/YBR068C,6,Downregulated,8. Mixed origin
