"gene","name","n_strains_fit","mean_r2","median_r2","sd_r2","mean_amp","sd_amp","cv_amp","amp_range","mean_peak","sd_peak","n_strains_total","n_not_detected","pct_strains_detected","mean_pct_expressed","sd_r2_null_mean","sd_r2_z","sd_r2_p","cv_amp_null_mean","cv_amp_z","cv_amp_p","sd_peak_null_mean","sd_peak_z","sd_peak_p","sd_r2_p_fdr","cv_amp_p_fdr","sd_peak_p_fdr","r2_adj_pooled","cycles","sig_any","class","which_phenotype","peak_spread_min","amp_spread"
"YDR033W","MRH1",74,0.214639227048674,0.234677529896015,0.15914540698148,0.65255035828312,0.48671178987365,0.745860888275663,1.7005648360289,79.2122323600428,12.458402658879,74,0,1,0.388975884747886,0.0712633646718018,9.56347093299894,0.00199600798403194,0.233852157790755,16.7650679485133,0.00199600798403194,4.98895429268427,11.0222426259133,0.00199600798403194,0.029815369261477,0.0100430717512344,0.0164498589028839,0.189599878096128,TRUE,TRUE,"cycling, varies between strains","structure amplitude timing",12.458402658879,1.7005648360289
"YMR002W","MIX17",74,0.169485484465762,0.157055270595748,0.107224886051213,0.462056606775007,0.213486950628781,0.46203635549948,0.879250787908906,64.8203701610395,12.0229621312969,74,0,1,0.939931099279674,0.0744720619894686,3.48392042725998,0.00199600798403194,0.366143186806712,2.48836818181411,0.0139720558882236,10.0227197855577,2.15262499977516,0.0179640718562874,0.029815369261477,0.0409732681875513,0.0686946107784431,0.121777148136638,TRUE,TRUE,"cycling, varies between strains","structure amplitude",12.0229621312969,0.879250787908906
"YOL014W","YOL014W",74,0.105602683173951,0.0973841377267527,0.080343503024804,0.303661679947018,0.188923864993088,0.622152472534734,0.643363158349633,78.660379339073,11.2671339150056,74,0,1,0.726714688380833,0.0696133905683006,1.35518748617433,0.0898203592814371,0.544442511652585,1.6442612463423,0.0479041916167665,7.98952317282687,3.59279938694254,0.00199600798403194,0.284331998255145,0.106010201818585,0.0164498589028839,0.108225687342904,TRUE,TRUE,"cycling, varies between strains","",11.2671339150056,0.643363158349633
"YBR067C","TIP1",74,0.178476268586498,0.12395502080914,0.172469198845996,0.621167143154853,0.651483653964056,1.04880572184683,2.32043878860251,5.73376008283038,11.2254462815697,74,0,1,0.31055433761353,0.0716003068347057,11.2007879341253,0.00199600798403194,0.376016080995938,17.6780896174272,0.00199600798403194,4.02776063133669,8.13824872683934,0.00199600798403194,0.029815369261477,0.0100430717512344,0.0164498589028839,0.119160239618031,TRUE,TRUE,"cycling, varies between strains","structure amplitude",11.2254462815697,2.32043878860251
"YMR215W","GAS3",74,0.185765266017321,0.190654104166205,0.079084771943444,0.548909338906218,0.182403369591273,0.332301450645272,0.995684501364156,48.5998063230097,9.20546984991784,74,0,1,0.390416536172878,0.0633305590864531,1.96518706015629,0.0459081836327345,0.217507847961498,3.75401105364739,0.00199600798403194,6.58224482892391,5.04564026744609,0.00199600798403194,0.205085156789225,0.0100430717512344,0.0164498589028839,0.168078479357924,TRUE,TRUE,"cycling, varies between strains","amplitude",9.20546984991784,0.995684501364156
"YMR295C","GSR1",74,0.191573035016647,0.192950406674255,0.0879982119167412,0.628215592529569,0.24991673521113,0.397820013038544,1.54670639216362,41.2658293930335,9.09081256209243,74,0,1,0.641340432195427,0.0681183412149663,2.56906259323583,0.0139720558882236,0.229062719210313,5.65443838994931,0.00199600798403194,6.68460611559393,3.01155305939887,0.00399201596806387,0.107720043783401,0.0100430717512344,0.0265025504546463,0.174200635740521,TRUE,TRUE,"cycling, varies between strains","amplitude",9.09081256209243,1.54670639216362
"YNR009W","NRM1",74,0.190797470394709,0.180217062316166,0.0832899415967347,0.487510620016328,0.163107641707749,0.334572489317846,0.869754721271337,43.8897596297105,9.06275278719533,74,0,1,0.304290635765738,0.0584826871715454,3.24147104334655,0.00199600798403194,0.217639926958601,3.93128485438389,0.00199600798403194,6.26730081631329,4.6724288941826,0.00199600798403194,0.029815369261477,0.0100430717512344,0.0164498589028839,0.164188652729039,TRUE,TRUE,"cycling, varies between strains","structure amplitude",9.06275278719533,0.869754721271337
"YPL232W","SSO1",74,0.152272840537075,0.159146670794295,0.0856747951890853,0.391702364131937,0.210131493710971,0.536457047372308,0.919864211195896,15.7073825124774,8.95984232255378,74,0,1,0.649796429689947,0.0708968689271848,1.85909975500293,0.0399201596806387,0.318806596640192,6.05089133585972,0.00199600798403194,5.49231570352717,4.87450427961756,0.00199600798403194,0.18707682673868,0.0100430717512344,0.0164498589028839,0.140608334169822,TRUE,TRUE,"cycling, varies between strains","amplitude",8.95984232255378,0.919864211195896
"YIL106W","MOB1",74,0.128471490170284,0.128073704569667,0.0779836063270178,0.298973037027108,0.127409438396337,0.426156952691303,0.658723196864033,73.0005401215876,8.89593138378569,74,0,1,0.26595678045725,0.0671028458325865,1.26158881057745,0.101796407185629,0.278486417430185,4.25185206456246,0.00199600798403194,5.45773797600877,4.98784486670538,0.00199600798403194,0.302227842451743,0.0100430717512344,0.0164498589028839,0.138994270541284,TRUE,TRUE,"cycling, varies between strains","amplitude",8.89593138378569,0.658723196864033
"YIL123W","SIM1",74,0.254064012667106,0.245426353880311,0.0700715723777914,0.78555285093123,0.169901994264522,0.21628333989637,1.02249732110681,39.0000605510838,8.73537630144299,74,0,1,0.541622298778578,0.0670119817526165,0.375730666411792,0.305389221556886,0.18391629813026,1.24550671809872,0.117764471057884,5.01811347716183,4.34173531053035,0.00199600798403194,0.494834060692175,0.206195667273512,0.0164498589028839,0.222703623823596,TRUE,TRUE,"cycling, varies between strains","timing",8.73537630144299,1.02249732110681
"YDR077W","SED1",74,0.338745109681914,0.356171737877145,0.141228286804756,1.36195064326982,0.549201539501972,0.403246286652083,2.40876577078359,0.345915905553397,7.85670589504469,74,0,1,0.761728781709991,0.0733620268987883,8.46060019632471,0.00199600798403194,0.192876282054614,7.83851954772425,0.00199600798403194,2.94916189475128,5.24875909599177,0.00199600798403194,0.029815369261477,0.0100430717512344,0.0164498589028839,0.251404323316749,TRUE,TRUE,"cycling, varies between strains","structure amplitude timing",7.85670589504469,2.40876577078359
"YLR045C","STU2",74,0.13415586156333,0.129146210827916,0.068225792769104,0.365020891847579,0.138311959582199,0.378915187243455,0.850852549668402,40.4630963299891,7.59949379504436,74,0,1,0.270216097713749,0.0560692800497661,1.57146011665013,0.0738522954091816,0.274230734627636,2.93872771165138,0.00399201596806387,6.96885399257124,0.949240307237343,0.165668662674651,0.26149183115251,0.0160351565776011,0.320574850299401,0.12078076425492,TRUE,TRUE,"cycling, varies between strains","amplitude",7.59949379504436,0.850852549668402
"YPR156C","TPO3",74,0.138454552561864,0.133422915313349,0.0636753001868746,0.265700718185563,0.101548895066689,0.382192775993056,0.492571078132245,75.3489672830669,7.37422806394757,74,0,1,0.222048230504228,0.0678269589267449,-0.435720349227253,0.640718562874252,0.291180785126148,2.67453789486982,0.00399201596806387,5.81983420992969,2.0205863850373,0.0279441117764471,0.761849435457443,0.0160351565776011,0.0947325207740547,0.129233302876211,TRUE,TRUE,"cycling, varies between strains","amplitude",7.37422806394757,0.492571078132245
"YJL078C","PRY3",74,0.305121633614035,0.322805703685995,0.114991373634689,0.652344405209757,0.259904460302566,0.398416018021945,1.10595443894115,13.0285781763269,7.26686147481316,74,0,1,0.352145317882869,0.0889939222293032,2.77406076400593,0.00598802395209581,0.210599657479695,6.79833410121415,0.00199600798403194,2.2481428623464,11.990752138043,0.00199600798403194,0.0561230480216039,0.0100430717512344,0.0164498589028839,0.282019749964905,TRUE,TRUE,"cycling, varies between strains","amplitude timing",7.26686147481316,1.10595443894115
"YKR042W","UTH1",74,0.342566989065211,0.360247331170242,0.123402685500378,1.05642980156199,0.347574060963577,0.329008193871159,1.92484271473025,82.7067862576266,7.18046214643805,74,0,1,0.702160977137488,0.0773622534856351,5.65653928495696,0.00199600798403194,0.155681986452999,7.99381465472819,0.00199600798403194,3.08406260665529,8.17364916623583,0.00199600798403194,0.029815369261477,0.0100430717512344,0.0164498589028839,0.298193479626239,TRUE,TRUE,"cycling, varies between strains","structure amplitude timing",7.18046214643805,1.92484271473025
"YPR175W","DPB2",74,0.108517856039293,0.107265005195764,0.0702267571679536,0.14575989151449,0.0735020936265728,0.504268306341777,0.321712772120528,22.1100276541105,7.14728647818714,74,0,1,0.106482931412465,0.0673174509763053,0.340232919522935,0.31936127744511,0.374797336895428,3.11649201505704,0.00399201596806387,4.36681583490042,4.16767362193793,0.00399201596806387,0.505479108009147,0.0160351565776011,0.0265025504546463,0.11308916006113,TRUE,TRUE,"cycling, varies between strains","amplitude",7.14728647818714,0.321712772120528
"YOR247W","SRL1",74,0.423915810258285,0.451555437377604,0.100826972263993,1.34557492784721,0.324817059212025,0.24139648598514,1.98860959082944,36.0312170225747,6.99984149000616,74,0,1,0.78703413717507,0.0767489600478753,2.80568679788347,0.00598802395209581,0.128492799683298,6.12082398083962,0.00199600798403194,3.18889417960302,3.92323562011106,0.00199600798403194,0.0561230480216039,0.0100430717512344,0.0164498589028839,0.383741482169279,TRUE,TRUE,"cycling, varies between strains","amplitude timing",6.99984149000616,1.98860959082944
"YGR041W","BUD9",74,0.169087051517282,0.166709577776321,0.0888379882644799,0.199276793868734,0.100068257562333,0.502157103291464,0.411751152608484,14.2847087278472,6.95366354528034,74,0,1,0.126526777325399,0.07973475460831,1.03001378063172,0.149700598802395,0.332998257154391,4.34584064984608,0.00399201596806387,3.14896212439307,5.56632747183214,0.00199600798403194,0.37052109373486,0.0160351565776011,0.0164498589028839,0.173499905728791,TRUE,TRUE,"cycling, varies between strains","amplitude",6.95366354528034,0.411751152608484
"YOR315W","SFG1",74,0.20278726959591,0.22008617672499,0.0968603375732709,0.463385545658658,0.129897973584246,0.280323749416069,0.647671124893877,66.4510762733989,6.6609548389284,74,0,1,0.321954274976511,0.0700088457230025,3.26242049243535,0.00199600798403194,0.197839397595372,2.9993858313436,0.00399201596806387,5.15332767183661,2.97252825954977,0.00798403193612774,0.029815369261477,0.0160351565776011,0.0410362071555813,0.206572472120998,TRUE,TRUE,"cycling, varies between strains","structure amplitude timing",6.6609548389284,0.647671124893877
"YHR023W","MYO1",74,0.141782564966599,0.138879965238255,0.0754621284106553,0.346704616291707,0.123718776438388,0.356842022358001,0.653405672097931,73.4905229989371,6.65629335525331,74,0,1,0.28343250861259,0.0662819675585983,1.10151332986615,0.147704590818363,0.269725748735519,2.49829585350972,0.00798403193612774,6.33799324331109,0.498987052181961,0.321357285429142,0.37052109373486,0.0265025504546463,0.484570291593469,0.137401509589179,TRUE,TRUE,"cycling, varies between strains","amplitude",6.65629335525331,0.653405672097931
"YNL233W","BNI4",74,0.143874287698709,0.135241653424771,0.067907571068369,0.272483935786154,0.110580357808215,0.405823401989463,0.625079069542375,21.7985953557246,6.59068694843802,74,0,1,0.260444722831193,0.07401923496179,-0.679075567731247,0.756487025948104,0.328263355472031,2.03032131258937,0.0279441117764471,4.32857227923066,3.31420862284633,0.00399201596806387,0.829359629365123,0.071049390580541,0.0265025504546463,0.138849492349916,TRUE,TRUE,"cycling, varies between strains","",6.59068694843802,0.625079069542375
"YPR120C","CLB5",74,0.16591426219162,0.169817399293413,0.0786612442485603,0.307800402806918,0.112337245281882,0.364967830637801,0.662832061857164,21.6511582010593,6.5643112858352,74,0,1,0.234387723144378,0.0798232702495968,-0.12282070806088,0.518962075848303,0.289769006130085,2.13520417851657,0.0239520958083832,3.4212015602924,4.70499794582262,0.00199600798403194,0.666838366278196,0.0625633977945748,0.0164498589028839,0.17112450236505,TRUE,TRUE,"cycling, varies between strains","",6.5643112858352,0.662832061857164
"YML012W","ERV25",74,0.169159753577531,0.174279169128128,0.0824179920804062,0.493015928496232,0.206410557798833,0.41866914610328,1.28804976319899,31.5323100251563,6.55151227688328,74,0,1,0.91988725336674,0.073355269666704,1.04700693286169,0.153692614770459,0.291617325214804,3.53619431386431,0.00399201596806387,4.95286346565865,2.51330641832969,0.0119760479041916,0.37052109373486,0.0160351565776011,0.0535004756841457,0.141687121280214,TRUE,TRUE,"cycling, varies between strains","amplitude",6.55151227688328,1.28804976319899
"YPL127C","HHO1",74,0.272839893989777,0.270502820173302,0.0891163271761062,0.790498652569971,0.189151672955128,0.239281461568823,1.11685780846594,36.9044890057018,6.50523298401583,74,0,1,0.553648606326339,0.068892195538055,2.63381388480507,0.00998003992015968,0.174822541117735,2.61263602622401,0.0139720558882236,4.455082004106,2.36819139704288,0.0139720558882236,0.0822492945144194,0.0409732681875513,0.060714933768826,0.244201984041469,TRUE,TRUE,"cycling, varies between strains","amplitude",6.50523298401583,1.11685780846594
"YMR048W","CSM3",74,0.0953368369023914,0.0943432812801048,0.0576240342554462,0.179287703031678,0.0859576611583012,0.479439803761185,0.462413894120044,24.6055299113545,6.48385461153338,74,0,1,0.17350454118384,0.0664229690772459,-1.01125197127871,0.874251497005988,0.385496691125156,2.16813673603212,0.0159680638722555,4.84276233941415,2.09304338506343,0.0219560878243513,0.906490706223129,0.0454329436365365,0.0801145800003047,0.102045377267348,TRUE,TRUE,"cycling, varies between strains","amplitude",6.48385461153338,0.462413894120044
"YGL028C","SCW11",74,0.251543343506267,0.258741921180642,0.100301198594819,0.384203898424505,0.174656931975554,0.454594377339129,0.766553704750018,12.6232291928537,6.43840550865761,74,0,1,0.158095834638271,0.0879707411419114,1.29828429786136,0.11377245508982,0.290788176520241,4.92922387844767,0.00199600798403194,2.19687030066812,5.78902632960831,0.00199600798403194,0.327609840559844,0.0100430717512344,0.0164498589028839,0.248857480975195,TRUE,TRUE,"cycling, varies between strains","amplitude timing",6.43840550865761,0.766553704750018
"YGR221C","TOS2",74,0.104617519692913,0.104486980465358,0.0722224065143617,0.12637093754838,0.0581895380652011,0.460466141931752,0.249933967573939,25.7636319103546,6.3767040789033,74,0,1,0.0876291888506107,0.0658557284752858,0.794727335643921,0.207584830339321,0.407213766225682,1.12935066394378,0.107784431137725,3.7552132951934,3.15481149773556,0.00798403193612774,0.418673202118969,0.193687812345234,0.0410362071555813,0.116021406871941,TRUE,TRUE,"cycling, varies between strains","",6.3767040789033,0.249933967573939
"YOR342C","YOR342C",74,0.152305303022271,0.162553044925873,0.0676410561750746,0.407426636802931,0.18947099968559,0.465043231273157,1.18192597093812,12.7307272626257,6.33465011092602,74,0,1,0.508299404948324,0.0725900598032417,-0.642333928630338,0.736526946107784,0.328659083971795,3.65768611024304,0.00199600798403194,5.498770601941,1.2151891785056,0.13373253493014,0.814953426480373,0.0100430717512344,0.289249555188266,0.14737464286636,TRUE,TRUE,"cycling, varies between strains","amplitude",6.33465011092602,1.18192597093812
"YML021C","UNG1",74,0.104809688292286,0.0989233353534425,0.0815293418458488,0.240325806192053,0.128293592846164,0.53383194621904,0.8399608747593,28.5821102626828,6.2880578187087,74,0,1,0.257876605073598,0.0645334969034094,1.97323061849617,0.0399201596806387,0.373547036819574,3.91829927517174,0.00199600798403194,5.0878563937092,1.6133224843728,0.0658682634730539,0.18707682673868,0.0100430717512344,0.17688219067483,0.104290249582854,TRUE,TRUE,"cycling, varies between strains","amplitude",6.2880578187087,0.8399608747593
"YER124C","DSE1",74,0.219489861505061,0.230999168529509,0.096745343555835,0.351226514591895,0.142686591285959,0.406252333915488,0.73293065734242,15.8847449426352,6.24391698708176,74,0,1,0.128468524898215,0.0829817381272218,1.59342203733806,0.06187624750499,0.302774636723706,2.90433773069989,0.00798403193612774,2.47747364325946,5.71912761478833,0.00199600798403194,0.238522954091816,0.0265025504546463,0.0164498589028839,0.21524676366133,TRUE,TRUE,"cycling, varies between strains","amplitude timing",6.24391698708176,0.73293065734242
"YGR279C","SCW4",74,0.322610046597473,0.317784654016639,0.137611218020952,0.941754498945253,0.328446195600815,0.348759890150425,1.47551324817645,71.6794229609109,6.04686708971612,74,0,1,0.818540557469464,0.0791921139257289,7.15068219932226,0.00199600798403194,0.160871780541692,8.3466639998611,0.00199600798403194,3.18565297508989,3.22553742582009,0.00199600798403194,0.029815369261477,0.0100430717512344,0.0164498589028839,0.29339235387454,TRUE,TRUE,"cycling, varies between strains","structure amplitude timing",6.04686708971612,1.47551324817645
"YLL022C","HIF1",74,0.142594476299192,0.143803981451965,0.0690137488821083,0.325172024722766,0.143838649604478,0.442346323387172,0.681134122176988,25.8162895537143,6.0453470373346,74,0,1,0.358158471656749,0.0726487573721847,-0.413695918729867,0.654690618762475,0.301368185358315,3.79201891939288,0.00399201596806387,3.98394373357737,2.87728117353559,0.00998003992015968,0.766059122630651,0.0160351565776011,0.0472322681369933,0.146101162848499,TRUE,TRUE,"cycling, varies between strains","amplitude",6.0453470373346,0.681134122176988
"YLR049C","MLO50",74,0.205130171067005,0.208388671584043,0.107614542679052,0.292068468225488,0.121921747899467,0.417442350556441,0.5939170879194,12.9210849213881,6.04461180114738,74,0,1,0.168243031631694,0.0801748869353989,3.14048989114576,0.00798403193612774,0.268903320302743,4.49605111406418,0.00199600798403194,3.43580886074552,4.40327348005143,0.00199600798403194,0.0669538116748958,0.0100430717512344,0.0164498589028839,0.197624041533826,TRUE,TRUE,"cycling, varies between strains","amplitude timing",6.04461180114738,0.5939170879194
"YPL241C","CIN2",74,0.139638792662286,0.140981048212893,0.0832729834802655,0.257647825376179,0.130227220675666,0.505446612970738,0.465509160451009,27.3985403373664,5.97155348838047,74,0,1,0.239022862511744,0.0701614044978711,1.54695209397974,0.06187624750499,0.297781048148853,5.96860403172135,0.00199600798403194,4.27981399804382,2.72094082014018,0.0159680638722555,0.238522954091816,0.0100430717512344,0.0652370472729754,0.139107238395398,TRUE,TRUE,"cycling, varies between strains","amplitude",5.97155348838047,0.465509160451009
"YMR179W","SPT21",74,0.207353438087325,0.209966919610651,0.0874368594065858,0.263462467259777,0.102971471850372,0.390839245230482,0.517624559955438,19.3002013497644,5.92433662881309,74,0,1,0.158534293767617,0.0835327002520224,0.454789117550907,0.315369261477046,0.274129484978703,3.57635378907472,0.00399201596806387,2.93298885567975,5.21642107169261,0.00199600798403194,0.500818960086472,0.0160351565776011,0.0164498589028839,0.203055625295531,TRUE,TRUE,"cycling, varies between strains","amplitude timing",5.92433662881309,0.517624559955438
"YNL273W","TOF1",74,0.169741622546945,0.172767559734659,0.0977375236937113,0.2848502478528,0.0932783475740215,0.327464512589171,0.502143935473616,21.5776263948925,5.8985603061249,74,0,1,0.207203257124961,0.0787768838148926,2.1337399203863,0.0259481037924152,0.266038746150274,1.78552175855931,0.0439121756487026,3.53114274641277,4.37607892711767,0.00199600798403194,0.149436067623789,0.0994787675833168,0.0164498589028839,0.179155775007628,TRUE,TRUE,"cycling, varies between strains","",5.8985603061249,0.502143935473616
"YLR254C","NDL1",74,0.18763167119159,0.184944008893843,0.0918299720567096,0.307105324470513,0.13053873291488,0.425061770387553,0.524773257780553,82.8414701443364,5.82121266093124,74,0,1,0.217350454118384,0.0823224076802311,0.96698392402857,0.177644710578842,0.285780464728453,3.96236314438348,0.00199600798403194,3.85745085993599,3.01777449433631,0.00598802395209581,0.386793979608351,0.0100430717512344,0.0336738288129623,0.173694364756146,TRUE,TRUE,"cycling, varies between strains","amplitude",5.82121266093124,0.524773257780553
"YER001W","MNN1",74,0.209190136833395,0.210854242833377,0.103672267907482,0.433145715522836,0.221123729858026,0.510506561495397,1.13334450824826,27.9064657900813,5.81088970759616,74,0,1,0.287942373943,0.0749208225469256,3.2296686251841,0.00598802395209581,0.249405987007978,7.71998212558568,0.00199600798403194,3.26644948143763,4.29553160158589,0.00199600798403194,0.0561230480216039,0.0100430717512344,0.0164498589028839,0.180646410419204,TRUE,TRUE,"cycling, varies between strains","amplitude timing",5.81088970759616,1.13334450824826
"YDL101C","DUN1",74,0.147530629125056,0.141199007688525,0.0854579804104622,0.257245758007082,0.128684049401556,0.500237789724849,0.938021592280127,26.9098723692311,5.71382128932453,74,0,1,0.226683369871594,0.077887977894245,0.80970812615245,0.197604790419162,0.314182747446893,5.20058922255058,0.00199600798403194,3.37336139818138,2.8763703563549,0.0119760479041916,0.403654230001535,0.0100430717512344,0.0535004756841457,0.153954881693609,TRUE,TRUE,"cycling, varies between strains","amplitude",5.71382128932453,0.938021592280127
"YKR077W","MSA2",74,0.209031622571215,0.215724127314161,0.115568438089869,0.239639391630709,0.106583249476623,0.444765147963948,0.445860015108078,14.0909688432681,5.58194508663099,74,0,1,0.130786094581898,0.0858145533846079,3.40103268988178,0.00199600798403194,0.295863281521727,4.28436141600026,0.00199600798403194,2.78586931283055,4.45752067866777,0.00199600798403194,0.029815369261477,0.0100430717512344,0.0164498589028839,0.210208585315821,TRUE,TRUE,"cycling, varies between strains","structure amplitude timing",5.58194508663099,0.445860015108078
"YML119W","YML119W",74,0.240649939544219,0.246745854880949,0.0962026389690779,0.382635499799817,0.134321453571958,0.351042842711225,0.707450373547244,76.8038411697974,5.57496675841329,74,0,1,0.200250548073912,0.0863878972865104,1.02136762135329,0.143712574850299,0.231337775056949,3.97380522817455,0.00199600798403194,2.81783843482838,4.88853576449714,0.00199600798403194,0.368511653940796,0.0100430717512344,0.0164498589028839,0.219800721405695,TRUE,TRUE,"cycling, varies between strains","amplitude timing",5.57496675841329,0.707450373547244
"YPR174C","CSA1",74,0.172054729780089,0.164004487931478,0.0831823346873414,0.329589363232792,0.129161028361349,0.391884698870337,0.647677847114192,20.7820433721131,5.53343100757491,74,0,1,0.278233636078923,0.0773495250270419,0.66378525425244,0.241516966067864,0.278688072530882,3.21228070210234,0.00399201596806387,3.8334214636278,2.75728718438309,0.0159680638722555,0.45095746007984,0.0160351565776011,0.0652370472729754,0.172310118415344,TRUE,TRUE,"cycling, varies between strains","amplitude",5.53343100757491,0.647677847114192
"YKL104C","GFA1",74,0.209738640479885,0.215510849674138,0.093451942120312,0.530347133428275,0.208319987385932,0.392799308708069,0.984389152311844,0.730063540171086,5.40248775945186,74,0,1,0.599624177889132,0.0795788177920497,1.65462363434853,0.0678642714570858,0.281459150394325,3.22487798360289,0.00199600798403194,4.53747276542117,1.37184186697029,0.0778443113772455,0.247626883637306,0.0100430717512344,0.202225982816975,0.191531564715104,TRUE,TRUE,"cycling, varies between strains","amplitude",5.40248775945186,0.984389152311844
"YLR190W","MMR1",74,0.412944291023139,0.434704080429693,0.108909216041802,1.01567788030525,0.250652064696638,0.246783029892615,1.63528143139704,74.6468587251667,5.38810343897125,74,0,1,0.44760413404322,0.0775714006691794,3.51946806310403,0.00399201596806387,0.114975078257018,8.32666726913267,0.00199600798403194,2.88414317987853,5.9333899771952,0.00199600798403194,0.0454329436365365,0.0100430717512344,0.0164498589028839,0.394376480168133,TRUE,TRUE,"cycling, varies between strains","structure amplitude timing",5.38810343897125,1.63528143139704
"YBR038W","CHS2",74,0.251239274402125,0.253364672872066,0.0745830211488576,0.448230533656213,0.126240973950376,0.281642959306297,0.75095738546987,76.4007929385858,5.22321672211505,74,0,1,0.247103037895396,0.0792645733362005,-0.531677636376361,0.708582834331337,0.197082732041804,3.33238158954543,0.00399201596806387,3.48122698345928,3.06931225126856,0.00598802395209581,0.793214507752644,0.0160351565776011,0.0336738288129623,0.240488904357272,TRUE,TRUE,"cycling, varies between strains","amplitude timing",5.22321672211505,0.75095738546987
"YNL031C","HHT2",74,0.624037672326318,0.638459397774208,0.10878543043307,3.13959328439762,0.523958538429664,0.166887393037023,2.94596883335123,36.627776566821,5.18482712148573,74,0,1,0.948637644848105,0.0642418106819047,6.0142968606441,0.00199600798403194,0.0685862226973767,11.5029449918434,0.00199600798403194,1.6313183463696,13.4979523360814,0.00199600798403194,0.029815369261477,0.0100430717512344,0.0164498589028839,0.600835306334651,TRUE,TRUE,"cycling, varies between strains","structure amplitude timing",5.18482712148573,2.94596883335123
"YHR143W","DSE2",74,0.303066064410617,0.314222484470789,0.109562539756751,0.521133473711076,0.19407516541801,0.372409709236234,0.932083499786148,18.595805234478,5.16294719424212,74,0,1,0.18133416849358,0.0891085087780975,2.202179803871,0.0279441117764471,0.216361493364751,6.02457824835377,0.00199600798403194,2.01996619725094,8.75895773448803,0.00199600798403194,0.157144534460491,0.0100430717512344,0.0164498589028839,0.308057237268887,TRUE,TRUE,"cycling, varies between strains","amplitude timing",5.16294719424212,0.932083499786148
"YIL158W","AIM20",74,0.312488510768205,0.337020670244727,0.116284844180413,0.661668920280419,0.218388688466003,0.33005734706936,1.13878114869143,73.0656235696677,5.12219672385093,74,0,1,0.393485750078296,0.0807659959507014,4.07389635228872,0.00199600798403194,0.156789769271446,7.52026396437989,0.00199600798403194,2.74850317907876,4.07542643767624,0.00199600798403194,0.029815369261477,0.0100430717512344,0.0164498589028839,0.304236442936804,TRUE,TRUE,"cycling, varies between strains","structure amplitude timing",5.12219672385093,1.13878114869143
"YOR025W","HST3",74,0.200023399676332,0.206521490235326,0.0801747454685215,0.386376158162572,0.119553748277845,0.309423202628205,0.82614735058057,70.9629410681361,5.0592127746305,74,0,1,0.259442530535547,0.0726474784791909,0.86622378099064,0.17564870259481,0.224900048621164,2.87972168899911,0.0119760479041916,4.15903473699004,1.62344937880102,0.0518962075848303,0.386793979608351,0.0369325864400232,0.14854124087155,0.187740584590873,TRUE,TRUE,"cycling, varies between strains","amplitude",5.0592127746305,0.82614735058057
"YBL035C","POL12",74,0.23374445131283,0.238407924311636,0.111506444235246,0.356219149974199,0.126275695271032,0.354488789499884,0.544522611532984,20.7612739777567,5.02998141448645,74,0,1,0.207140620106483,0.0874122303175607,2.59213677161122,0.00798403193612774,0.218413374244383,4.93340537594939,0.00199600798403194,2.68890331748707,5.19279614645875,0.00199600798403194,0.0669538116748958,0.0100430717512344,0.0164498589028839,0.248035854712375,TRUE,TRUE,"cycling, varies between strains","amplitude timing",5.02998141448645,0.544522611532984
"YNL058C","YNL058C",74,0.353728484266423,0.363178709089675,0.108057787253296,0.710070438711408,0.246301829757328,0.346869572833227,1.4279122219357,80.2450851920779,5.00267871166152,74,0,1,0.302536799248356,0.0897471233060635,1.86456749348654,0.0399201596806387,0.163206252616019,8.69779638605162,0.00199600798403194,2.46081762693039,6.18387320004767,0.00199600798403194,0.18707682673868,0.0100430717512344,0.0164498589028839,0.329544792637641,TRUE,TRUE,"cycling, varies between strains","amplitude timing",5.00267871166152,1.4279122219357
"YGR086C","PIL1",74,0.314175744278692,0.302293556569914,0.125434644557798,0.799299751184182,0.283731399629756,0.354974963034082,1.40880754435892,12.4446593011315,4.8245893072777,74,0,1,0.921265267773254,0.0812684810188589,5.46769551563131,0.00199600798403194,0.20144883148729,5.64413459958015,0.00199600798403194,2.20351896532041,4.67862640335678,0.00598802395209581,0.029815369261477,0.0100430717512344,0.0336738288129623,0.279769240888844,TRUE,TRUE,"cycling, varies between strains","structure amplitude timing",4.8245893072777,1.40880754435892
"YHR152W","SPO12",74,0.281182675837271,0.283016723532808,0.101943640421499,0.50687673032214,0.180941014977718,0.356972423773966,1.00516722128369,81.3555554004647,4.76649325852742,74,0,1,0.299592859379893,0.0908443070298744,1.13237761395093,0.129740518962076,0.207149968519591,5.26634823137012,0.00199600798403194,2.75991059387116,4.15150700745247,0.00798403193612774,0.351788044023685,0.0100430717512344,0.0410362071555813,0.261007743364057,TRUE,TRUE,"cycling, varies between strains","amplitude timing",4.76649325852742,1.00516722128369
"YCL024W","KCC4",73,0.185994411698057,0.188963015546708,0.0967879533222289,0.216060908437142,0.0979066395564828,0.45314370037913,0.495668950752017,18.1836412838544,4.73231071146382,74,1,0.986486486486487,0.112308174130911,0.0772673505916314,2.32585342003818,0.0239520958083832,0.316684229328307,3.53960601406896,0.00798403193612774,3.13961672453686,2.59904336675033,0.0159680638722555,0.148689633719574,0.0265025504546463,0.0652370472729754,0.179416619406097,TRUE,TRUE,"cycling, varies between strains","amplitude",4.73231071146382,0.495668950752017
"YOR195W","SLK19",74,0.176028925794208,0.176037598980338,0.0716943482641986,0.317156201129644,0.116963726584402,0.368789026252053,0.510312410983483,28.1916669179254,4.58014998997914,74,0,1,0.278484184152834,0.0750301441410949,-0.380353777500889,0.654690618762475,0.265484781996813,2.92569081355826,0.00399201596806387,3.50852243276357,1.61033727438879,0.0698602794411178,0.766059122630651,0.0160351565776011,0.184492892667703,0.172423867256975,TRUE,TRUE,"cycling, varies between strains","amplitude",4.58014998997914,0.510312410983483
"YLR183C","TOS4",74,0.312157615466836,0.3153975366591,0.108472632361793,0.458441021051565,0.120119719895025,0.262017826457799,0.822583021881725,26.1549636707786,4.41730170279698,74,0,1,0.214657062323833,0.0901348082428031,2.00146387240253,0.0259481037924152,0.182438337339479,3.37003136001738,0.00399201596806387,1.84971002140363,6.77348481546893,0.00199600798403194,0.149436067623789,0.0160351565776011,0.0164498589028839,0.323342223050672,TRUE,TRUE,"cycling, varies between strains","amplitude timing",4.41730170279698,0.822583021881725
"YBR009C","HHF1",74,0.590205255871974,0.61371579277462,0.121698984912982,3.06470700808755,0.592814620031655,0.193432722432277,3.2599416200767,35.9289756029432,4.35349826745823,74,0,1,0.771437519574068,0.069595649053869,7.05165069031067,0.00199600798403194,0.0745057776169431,12.0502522077839,0.00199600798403194,1.43102136737676,15.5965139937478,0.00199600798403194,0.029815369261477,0.0100430717512344,0.0164498589028839,0.579290309130896,TRUE,TRUE,"cycling, varies between strains","structure amplitude timing",4.35349826745823,3.2599416200767
"YEL032W","MCM3",74,0.186278732822216,0.192126048766726,0.0849481010447684,0.293741298125464,0.119260936881703,0.406006706046365,0.558535529130376,7.22425002678831,4.16353703216826,74,0,1,0.235703100532415,0.0820306542012675,0.294743679105027,0.363273453093812,0.294449453910584,3.38016965380632,0.00199600798403194,3.45842589380252,1.21779003137751,0.131736526946108,0.540949254139696,0.0100430717512344,0.28622754491018,0.174403184381162,TRUE,TRUE,"cycling, varies between strains","amplitude",4.16353703216826,0.558535529130376
"YLR286C","CTS1",74,0.406068492156146,0.419995592930409,0.112985650538179,1.00280252502251,0.31685501034169,0.315969497917428,1.68084423739134,18.5570412565734,4.06906572457035,74,0,1,0.279235828374569,0.0921754576110049,2.25383038519146,0.0179640718562874,0.161442088075772,7.56578741808561,0.00199600798403194,1.77350487762006,8.24695640137156,0.00199600798403194,0.120941216159231,0.0100430717512344,0.0164498589028839,0.387188853353514,TRUE,TRUE,"cycling, varies between strains","amplitude timing",4.06906572457035,1.68084423739134
"YGR109C","CLB6",74,0.221704772736269,0.229690219853596,0.103998464513484,0.255358651109468,0.121273867442052,0.474915836667949,0.578412778470697,21.1646989923329,4.00647046119637,74,0,1,0.109552145317883,0.0817479575376601,2.7646890748629,0.00798403193612774,0.289441335618726,5.08609050967838,0.00399201596806387,2.20073819849348,3.60659582808768,0.00598802395209581,0.0669538116748958,0.0160351565776011,0.0336738288129623,0.228832052919636,TRUE,TRUE,"cycling, varies between strains","amplitude timing",4.00647046119637,0.578412778470697
"YML052W","SUR7",74,0.421692534499492,0.44597987254141,0.110730780321354,1.04242818104377,0.219818906844956,0.210871991799814,1.43904938794136,69.3878037868377,3.92815655942602,74,0,1,0.504729094895083,0.0742251287137856,4.54547693134702,0.00199600798403194,0.107221269767101,7.06709638361628,0.00199600798403194,3.14407315038864,1.53690610231454,0.0838323353293413,0.029815369261477,0.0100430717512344,0.210904506775922,0.404558687108315,TRUE,TRUE,"cycling, varies between strains","structure amplitude",3.92815655942602,1.43904938794136
"YML058W","SML1",74,0.534662085978347,0.551960163279345,0.122036818423389,1.76070576385006,0.467435013661157,0.265481617234577,2.60457662053167,67.1494243022579,3.91560021891297,74,0,1,0.720388349514563,0.0701474255461158,6.69276778619735,0.00199600798403194,0.0871573122212177,15.4841686414294,0.00199600798403194,3.0755020076471,1.74150121894206,0.0479041916167665,0.029815369261477,0.0100430717512344,0.144013859074304,0.495696313783022,TRUE,TRUE,"cycling, varies between strains","structure amplitude",3.91560021891297,2.60457662053167
"YDR309C","GIC2",74,0.138321101086736,0.143852501924062,0.0878547741284549,0.255168578169346,0.131348286498933,0.514751022407476,0.664291955402482,18.907783210995,3.90672225673767,74,0,1,0.204885687441278,0.0742809784332571,1.45478679599081,0.0838323353293413,0.369822308422739,3.44972133631024,0.00199600798403194,4.0877110688104,-0.207283135786981,0.558882235528942,0.272597661819219,0.0100430717512344,0.701831938217805,0.130815621752229,TRUE,TRUE,"cycling, varies between strains","amplitude",3.90672225673767,0.664291955402482
"YKL045W","PRI2",74,0.194672923608137,0.204848764136168,0.0958508780567015,0.310249162906817,0.115056918207687,0.370853275250398,0.56665291553465,21.5477063828259,3.82140629531246,74,0,1,0.214594425305355,0.0827830373898182,1.40526430714835,0.0778443113772455,0.250463660517676,3.99920799369875,0.00199600798403194,2.96381284332789,1.61723558948374,0.0798403193612774,0.265782720273738,0.0100430717512344,0.205181035777907,0.211488371927877,TRUE,TRUE,"cycling, varies between strains","amplitude",3.82140629531246,0.56665291553465
"YDL018C","ERP3",74,0.218715593135265,0.228474474213437,0.094087667475473,0.422233416631844,0.156670530788519,0.371051945718271,0.713854957506248,24.2913822944988,3.81636537292401,74,0,1,0.297776385844034,0.0804002643882032,1.58644908667229,0.0558882235528942,0.209182390406053,5.98621598349085,0.00199600798403194,3.36018721216361,0.875763262050636,0.187624750499002,0.234338340862135,0.0100430717512344,0.347614847823732,0.219129823944177,TRUE,TRUE,"cycling, varies between strains","amplitude",3.81636537292401,0.713854957506248
"YCR024C-A","PMP1",74,0.300475512442473,0.308840505749007,0.109301824205113,0.690707560173104,0.184919974530337,0.267725424178059,1.13731694278064,74.9503843826408,3.77488851308403,74,0,1,0.463513936736611,0.0797287828240799,3.45009797171753,0.00399201596806387,0.157481122142456,5.02876494153879,0.00199600798403194,3.11080480795132,1.16236091041451,0.151696606786427,0.0454329436365365,0.0100430717512344,0.304834314772944,0.303331757620635,TRUE,TRUE,"cycling, varies between strains","structure amplitude",3.77488851308403,1.13731694278064
"YBL002W","HTB2",74,0.624667829061349,0.640391210617217,0.10708469751072,2.98484172500727,0.487667590710681,0.163381390250933,2.91301309153582,35.765264568739,3.73839844892004,74,0,1,0.831819605386784,0.0652707892472904,5.49268308542928,0.00199600798403194,0.0700574221911411,9.76964640795011,0.00199600798403194,1.46260209590252,9.24170735110499,0.00199600798403194,0.029815369261477,0.0100430717512344,0.0164498589028839,0.597210790959667,TRUE,TRUE,"cycling, varies between strains","structure amplitude timing",3.73839844892004,2.91301309153582
"YLR050C","EMA19",74,0.23744055346414,0.237466291054558,0.0876346775312989,0.687607974306307,0.20737014237567,0.301581933491791,1.25526899631142,27.9050911780379,3.66776287008887,74,0,1,0.520889445662386,0.0765052791167904,1.31282899784568,0.0978043912175649,0.188253009528531,4.02484662366361,0.00199600798403194,3.40347678266664,0.563416022122364,0.289421157684631,0.297773878993605,0.0100430717512344,0.450629685254897,0.228040898260709,TRUE,TRUE,"cycling, varies between strains","amplitude",3.66776287008887,1.25526899631142
"YHR110W","ERP5",74,0.306677958341065,0.308128144290938,0.108973715471785,0.706022042562405,0.203918816201959,0.288827832431216,1.09473967101289,26.3181426963425,3.62439550245736,74,0,1,0.48374569370498,0.082938175729377,2.96658870478482,0.00199600798403194,0.153042223632916,6.50108156958839,0.00199600798403194,2.57182125115904,2.7667739419562,0.00798403193612774,0.029815369261477,0.0100430717512344,0.0410362071555813,0.307964656293741,TRUE,TRUE,"cycling, varies between strains","structure amplitude timing",3.62439550245736,1.09473967101289
"YMR305C","SCW10",74,0.389430624112043,0.394583833973466,0.120345465537608,0.981726466502244,0.25411120511921,0.258841147498623,1.43666349873814,29.6666976309243,3.58027321405696,74,0,1,0.477795176949577,0.0810851609132814,4.58727647782652,0.00199600798403194,0.124463600692296,7.77753544967426,0.00199600798403194,1.9235081654528,5.08674880320476,0.00399201596806387,0.029815369261477,0.0100430717512344,0.0265025504546463,0.379497205594814,TRUE,TRUE,"cycling, varies between strains","structure amplitude timing",3.58027321405696,1.43666349873814
"YDL117W","CYK3",74,0.244611913991565,0.234169083275987,0.104429026954042,0.382521849234335,0.172728491528273,0.451551961996447,0.793114526242478,5.89154766965847,3.49834542591638,74,0,1,0.282618227372377,0.0920610181343333,1.28778276070109,0.101796407185629,0.306168900562435,4.0395441606017,0.00199600798403194,2.03684242784376,1.67547852093131,0.12375249500998,0.302227842451743,0.0100430717512344,0.273859688031345,0.244657917874933,TRUE,TRUE,"cycling, varies between strains","amplitude",3.49834542591638,0.793114526242478
"YMR199W","CLN1",74,0.146387085044857,0.147480118018129,0.0785900286601103,0.20704817379489,0.0968924551298563,0.467970585559676,0.400662162467419,23.2564669385719,3.47710890450162,74,0,1,0.145255245850298,0.0748049861882144,0.433122645189974,0.30938123752495,0.354203326071009,2.97710211821086,0.0139720558882236,3.33810132530692,0.160088569222855,0.403193612774451,0.496255810526598,0.0409732681875513,0.560251589843569,0.149529282753621,TRUE,TRUE,"cycling, varies between strains","amplitude",3.47710890450162,0.400662162467419
"YJL074C","SMC3",74,0.266815003081686,0.276332768436705,0.0945653530235725,0.44003352905878,0.115529121752045,0.262546179149482,0.789642736796111,23.8739848710711,3.46707065076309,74,0,1,0.256122768556217,0.0872621653452883,0.78363822005233,0.215568862275449,0.196726661581922,2.55138780926881,0.00798403193612774,2.58134582008507,1.94857572174212,0.0479041916167665,0.425793042015143,0.0265025504546463,0.144013859074304,0.26623393565708,TRUE,TRUE,"cycling, varies between strains","amplitude",3.46707065076309,0.789642736796111
"YBR071W","YBR071W",74,0.282971151085139,0.284741540565711,0.112918133949829,0.43192628311061,0.160333889955743,0.371206606833612,0.73329858480882,14.021902082623,3.39790387008207,74,0,1,0.188913247729408,0.0880793406820964,2.60411176925792,0.0179640718562874,0.22050598608246,5.29295743928858,0.00199600798403194,2.5253582866483,1.87545496382678,0.06187624750499,0.120941216159231,0.0100430717512344,0.170964429522458,0.278365334506358,TRUE,TRUE,"cycling, varies between strains","amplitude",3.39790387008207,0.73329858480882
"YGR189C","CRH1",74,0.381798136305155,0.391624449138807,0.14583783856209,0.884077833200315,0.27757250704558,0.31396840484144,1.3833205123744,17.8449286717534,3.39311547057516,74,0,1,0.446727215784529,0.0836493948604319,7.08753232111501,0.00199600798403194,0.137330490454117,9.40342629267788,0.00199600798403194,2.52716103012282,1.88194082385526,0.0678642714570858,0.029815369261477,0.0100430717512344,0.180217343091595,0.354833849763483,TRUE,TRUE,"cycling, varies between strains","structure amplitude",3.39311547057516,1.3833205123744
"YNL030W","HHF2",74,0.625010067364738,0.642710753468815,0.105070041398961,3.0427191702892,0.522418231371703,0.171694527866024,2.94379198954857,35.8756161565821,3.39195323614458,74,0,1,0.860006263701848,0.062989425518099,5.56479630282872,0.00199600798403194,0.0665077629723684,11.646284182097,0.00199600798403194,1.54901503474565,7.85827804259285,0.00199600798403194,0.029815369261477,0.0100430717512344,0.0164498589028839,0.601431816066825,TRUE,TRUE,"cycling, varies between strains","structure amplitude timing",3.39195323614458,2.94379198954857
"YML027W","YOX1",74,0.203758541715365,0.209072374037779,0.10054532693242,0.333875624106906,0.154669752497215,0.463255599778947,0.933361909080652,21.2574704181259,3.37244579372553,74,0,1,0.155966176010022,0.0842697968248672,1.87127535262837,0.0339321357285429,0.281274057924826,5.44167098152249,0.00199600798403194,2.54963325689892,1.21005242963644,0.147704590818363,0.172548519981314,0.0100430717512344,0.303016285026514,0.214820203626463,TRUE,TRUE,"cycling, varies between strains","amplitude",3.37244579372553,0.933361909080652
"YBR070C","ALG14",74,0.273379934927286,0.27629155286742,0.0927743375012379,0.524437965570388,0.141686844714535,0.270168931344308,0.835143316969356,25.0703841566572,3.03914698932167,74,0,1,0.291700595051676,0.0810142251408076,1.36979146257874,0.0978043912175649,0.181191205829473,3.6936886318336,0.00199600798403194,3.03526279503288,0.00838792517817107,0.449101796407186,0.297773878993605,0.0100430717512344,0.600626045958223,0.260503771778949,TRUE,TRUE,"cycling, varies between strains","amplitude",3.03914698932167,0.835143316969356
"YOL007C","CSI2",74,0.370783400731813,0.366868075845986,0.107440238721772,0.543506445242211,0.146387073351524,0.26933824728847,1.11779575700889,25.5446894747599,3.03836332704844,74,0,1,0.220732853116192,0.0928886162624512,1.57309560297677,0.0598802395209581,0.175273821740729,4.13908760897815,0.00199600798403194,1.52460750401216,4.7331487246611,0.00598802395209581,0.238522954091816,0.0100430717512344,0.0336738288129623,0.365248863046639,TRUE,TRUE,"cycling, varies between strains","amplitude timing",3.03836332704844,1.11779575700889
"YPL267W","ACM1",74,0.316355146861549,0.331953223537978,0.109413701062584,0.484706930123659,0.135782175376559,0.280132523258782,0.904300725342808,22.9213280219066,2.76481975716214,74,0,1,0.184779204509865,0.0883044867040509,2.42146678695071,0.0139720558882236,0.202492074626236,3.07109023162552,0.00598802395209581,1.85283279762698,2.5620160010099,0.0359281437125748,0.107720043783401,0.0216839049174379,0.112984557201387,0.318127945009816,TRUE,TRUE,"cycling, varies between strains","amplitude",2.76481975716214,0.904300725342808
"YPL256C","CLN2",74,0.351646918763715,0.361820809151659,0.119575339904041,0.550514764263159,0.154496793801829,0.280640600091109,0.892539963727512,23.913051445104,2.52047600150875,74,0,1,0.200438459129345,0.0919357205142142,3.15088003606581,0.00399201596806387,0.186482077962011,3.86819468849401,0.00199600798403194,1.49480128535977,3.69218486647896,0.00598802395209581,0.0454329436365365,0.0100430717512344,0.0336738288129623,0.357988260547775,TRUE,TRUE,"cycling, varies between strains","structure amplitude timing",2.52047600150875,0.892539963727512
"YMR076C","PDS5",74,0.186674773186016,0.18401782624177,0.109568212323012,0.273024999620539,0.0929870576654696,0.340580744601068,0.510455461283892,25.0850378606683,2.38984565429151,74,0,1,0.169683683056686,0.0811257559710733,3.13065505559376,0.00598802395209581,0.260902276045763,2.49782839526009,0.00998003992015968,2.98034037429295,-1.05397184472233,0.860279441117764,0.0561230480216039,0.0315924442505717,0.934576301941571,0.189740375421724,TRUE,TRUE,"cycling, varies between strains","amplitude",2.38984565429151,0.510455461283892
"YJL194W","CDC6",74,0.165716138918648,0.160971711787457,0.101122962956935,0.179064085039097,0.104947726411604,0.586090317266523,0.380675176561879,6.06165339152615,2.15967541424129,74,0,1,0.133103664265581,0.0843905074268657,1.90591322670889,0.0479041916167665,0.446668448486676,3.14557783298766,0.00199600798403194,3.24133624670754,-0.786629567654617,0.662674650698603,0.21202040363717,0.0100430717512344,0.793880909859479,0.178301518197334,TRUE,TRUE,"cycling, varies between strains","amplitude",2.15967541424129,0.380675176561879
"YNL327W","EGT2",74,0.46838191660623,0.485917437856285,0.128007863607187,0.739194710213133,0.252036253709836,0.340960575376907,1.27390503373899,9.35687942896638,1.94401372660183,74,0,1,0.196930786094582,0.0948467075831202,3.34987733704662,0.00199600798403194,0.182531576816078,7.13521562968073,0.00199600798403194,1.09040194320343,2.6171226804924,0.0219560878243513,0.029815369261477,0.0100430717512344,0.0801145800003047,0.46651751600226,TRUE,TRUE,"cycling, varies between strains","structure amplitude",1.94401372660183,1.27390503373899
"YOR264W","DSE3",74,0.390552631011987,0.393660774072265,0.135295411586296,0.506733095345267,0.193306233028166,0.381475444970602,1.06552160668203,8.18161982362476,1.73837046045958,74,0,1,0.188412151581585,0.0986805521072883,3.74264541405878,0.00199600798403194,0.211784398442971,6.60587800769866,0.00199600798403194,1.20680567307071,1.16064848723846,0.0518962075848303,0.029815369261477,0.0100430717512344,0.14854124087155,0.395473070984864,TRUE,TRUE,"cycling, varies between strains","structure amplitude",1.73837046045958,1.06552160668203
"YDL179W","PCL9",74,0.296748296145692,0.309140400434586,0.12080552274569,0.342955283420624,0.146648650710154,0.427602832787661,0.671129836201864,6.71564820715033,1.64758463517104,74,0,1,0.123645474475415,0.094699937559278,2.77384643897434,0.00598802395209581,0.303283406883119,3.44108030349886,0.00598802395209581,1.48028929455321,0.196832270526991,0.209580838323353,0.0561230480216039,0.0216839049174379,0.369666570917206,0.302852671357957,TRUE,TRUE,"cycling, varies between strains","amplitude",1.64758463517104,0.671129836201864
"YPL163C","SVS1",74,0.484825366963107,0.507442072245794,0.127347130945216,1.02265459551986,0.23966566329007,0.234356413533972,1.6013990269948,27.3389887952902,1.48011872667503,74,0,1,0.320012527403696,0.088759667442833,4.10192540098387,0.00199600798403194,0.128034923565393,6.22293940845637,0.00199600798403194,1.24667743121325,1.25054115800212,0.0818363273453094,0.029815369261477,0.0100430717512344,0.208073215271584,0.477199712735303,TRUE,TRUE,"cycling, varies between strains","structure amplitude",1.48011872667503,1.6013990269948
"YKL185W","ASH1",74,0.36635819357493,0.356452903905307,0.110807294671907,0.569704827813888,0.216596249457782,0.380190300104918,1.03869107610847,5.83751555530933,1.33472178120891,74,0,1,0.166050735984967,0.0954840816175378,1.54205803205191,0.06187624750499,0.24431363557306,4.8224322978471,0.00199600798403194,1.22736408654573,0.16992098754377,0.145708582834331,0.238522954091816,0.0100430717512344,0.300209924977631,0.370971014721458,TRUE,TRUE,"cycling, varies between strains","amplitude",1.33472178120891,1.03869107610847
"YLR194C","NCW2",74,0.432499813741676,0.46491737651989,0.143905170937879,0.772786888466694,0.247998747822865,0.320914797499898,1.37165368198044,6.78612114735568,1.29513124232385,74,0,1,0.255308487316004,0.0971013068341923,4.6217459466063,0.00199600798403194,0.194480468878475,5.13361414678742,0.00199600798403194,1.0736659479678,0.48732348865631,0.0898203592814371,0.029815369261477,0.0100430717512344,0.222456641121901,0.437807772224196,TRUE,TRUE,"cycling, varies between strains","structure amplitude",1.29513124232385,1.37165368198044
"YPL158C","AIM44",74,0.411690180710566,0.406245798015372,0.138358759272209,0.640197453159338,0.237420423012763,0.370854994566296,1.22913543741783,6.28469563765961,1.21333267593567,74,0,1,0.173441904165362,0.0964305584329746,4.2602037967348,0.00199600798403194,0.218676023979266,5.87567839743942,0.00199600798403194,1.05920494793124,0.317726183233462,0.109780439121756,0.029815369261477,0.0100430717512344,0.253502656522703,0.41852826469231,TRUE,TRUE,"cycling, varies between strains","structure amplitude",1.21333267593567,1.22913543741783
"YNL300W","TOS6",74,0.717365573481775,0.735165916972346,0.117115568675524,2.75118838010821,0.368040345436317,0.133775043576566,2.5920771989028,29.013550939537,1.19094718168915,74,0,1,0.463012840588788,0.0638873917961413,6.60331335857298,0.00199600798403194,0.0648621460710963,8.13383869214718,0.00199600798403194,0.853003835223826,3.16508246239062,0.00598802395209581,0.029815369261477,0.0100430717512344,0.0336738288129623,0.71516414754472,TRUE,TRUE,"cycling, varies between strains","structure amplitude timing",1.19094718168915,2.5920771989028
