"gene","name","n_strains_fit","mean_r2","median_r2","sd_r2","mean_amp","sd_amp","cv_amp","amp_range","mean_peak","sd_peak","n_strains_total","n_not_detected","pct_strains_detected","mean_pct_expressed","sd_r2_null_mean","sd_r2_z","sd_r2_p","cv_amp_null_mean","cv_amp_z","cv_amp_p","sd_peak_null_mean","sd_peak_z","sd_peak_p","sd_r2_p_fdr","cv_amp_p_fdr","sd_peak_p_fdr","r2_adj_pooled","cycles","sig_any","class","n_fit","sd_trim","n_outlier","n_early","n_late","shift_early","shift_late","peak_early","peak_late","early_strains","late_strains","cv_trim_amp","sd_trim_str","frac_explained","n_fit_struct","n_fit_amp","n_fit_peak","peak_excess","amp_excess","str_excess","peak_trim_excess","amp_trim_excess","str_trim_excess","peak_robustness","amp_robustness","str_robustness","frac_outlier_peak","peak_diff","amp_spread","expr_gated","amp_gated","amp_trim_excess_final","rank_peak","rank_str","rank_amp","n_phenotypes_available","variability","variability_strict","which_phenotype"
"YDR033W","MRH1",74,0.214639227048674,0.234677529896015,0.15914540698148,0.65255035828312,0.48671178987365,0.745860888275663,1.7005648360289,79.2122323600428,12.458402658879,74,0,1,0.388975884747886,0.0712633646718018,9.56347093299894,0.00199600798403194,0.233852157790755,16.7650679485133,0.00199600798403194,4.98895429268427,11.0222426259133,0.00199600798403194,0.029815369261477,0.0100430717512344,0.0164498589028839,0.189599878096128,TRUE,TRUE,"cycling, varies between strains",74,9.17,19,11,8,-20.2,27.8,59,19,"BNV,CGS,BFH,BHG,CQD","BGF,BHM,BGD,BDL,CDT",0.741366326993056,0.140608772762734,0.386133573676563,74,74,74,2.49719719363791,3.18945480478757,2.23320085592945,1.83806053574128,3.17023513486847,1.97308635945408,0.736049415890779,0.993973995213775,0.883523913317189,0.256756756756757,7.4694483661947,1.7005648360289,FALSE,FALSE,3.17023513486847,1,1,1,3,1,1,"structure amplitude timing"
"YBR067C","TIP1",74,0.178476268586498,0.12395502080914,0.172469198845996,0.621167143154853,0.651483653964056,1.04880572184683,2.32043878860251,5.73376008283038,11.2254462815697,74,0,1,0.31055433761353,0.0716003068347057,11.2007879341253,0.00199600798403194,0.376016080995938,17.6780896174272,0.00199600798403194,4.02776063133669,8.13824872683934,0.00199600798403194,0.029815369261477,0.0100430717512344,0.0164498589028839,0.119160239618031,TRUE,TRUE,"cycling, varies between strains",74,6.53,17,9,8,-18.7,26.3,75,32,"SACE_YCK,APQ,BAP,BMB,AAP","CDT,BMC,BBQ,BRK,SACE_YCM",1.03732747383134,0.13392118318629,0.22337696746122,74,74,74,2.78701921713862,2.7892576271443,2.40877737080308,1.62124828104119,2.75873167733629,1.87039957098866,0.581714066078704,0.989055887304587,0.776493333779982,0.22972972972973,7.19768565023304,2.32043878860251,FALSE,FALSE,2.75873167733629,0.986842105263158,0.986842105263158,0.986842105263158,3,0.986842105263158,0.986842105263158,"structure amplitude timing"
"YNL031C","HHT2",74,0.624037672326318,0.638459397774208,0.10878543043307,3.13959328439762,0.523958538429664,0.166887393037023,2.94596883335123,36.627776566821,5.18482712148573,74,0,1,0.948637644848105,0.0642418106819047,6.0142968606441,0.00199600798403194,0.0685862226973767,11.5029449918434,0.00199600798403194,1.6313183463696,13.4979523360814,0.00199600798403194,0.029815369261477,0.0100430717512344,0.0164498589028839,0.600835306334651,TRUE,TRUE,"cycling, varies between strains",74,2.18,4,0,4,NA,20.9,NA,57.5,NA,"BDL,APQ,SACE_YCM,BHM",0.103946077046506,0.0729781145361116,0.00391951759547737,74,74,74,3.17830491701651,2.43324951387659,1.69337428815207,1.33634247714522,1.51555331316536,1.13599093427589,0.420457606188288,0.622851583663041,0.670844562967566,0.0540540540540541,3.55350877511613,2.94596883335123,FALSE,FALSE,1.51555331316536,0.960526315789474,0.894736842105263,0.894736842105263,3,0.916666666666667,0.916666666666667,"structure amplitude timing"
"YBL002W","HTB2",74,0.624667829061349,0.640391210617217,0.10708469751072,2.98484172500727,0.487667590710681,0.163381390250933,2.91301309153582,35.765264568739,3.73839844892004,74,0,1,0.831819605386784,0.0652707892472904,5.49268308542928,0.00199600798403194,0.0700574221911411,9.76964640795011,0.00199600798403194,1.46260209590252,9.24170735110499,0.00199600798403194,0.029815369261477,0.0100430717512344,0.0164498589028839,0.597210790959667,TRUE,TRUE,"cycling, varies between strains",74,1.82,1,0,1,NA,32.2,NA,68,NA,"BDL",0.107891411344863,0.0705835913226242,0.00144223950033118,74,74,74,2.55599144797697,2.3321067938408,1.64062207222606,1.24435757688214,1.54004255324294,1.08139632041533,0.486839491527653,0.660365364618061,0.659137981087896,0.0135135135135135,2.27579635301752,2.91301309153582,FALSE,FALSE,1.54004255324294,0.921052631578947,0.842105263157895,0.907894736842105,3,0.890350877192982,0.890350877192982,"structure amplitude timing"
"YBR009C","HHF1",74,0.590205255871974,0.61371579277462,0.121698984912982,3.06470700808755,0.592814620031655,0.193432722432277,3.2599416200767,35.9289756029432,4.35349826745823,74,0,1,0.771437519574068,0.069595649053869,7.05165069031067,0.00199600798403194,0.0745057776169431,12.0502522077839,0.00199600798403194,1.43102136737676,15.5965139937478,0.00199600798403194,0.029815369261477,0.0100430717512344,0.0164498589028839,0.579290309130896,TRUE,TRUE,"cycling, varies between strains",74,1.86,2,0,2,NA,27.1,NA,63,NA,"BDL,APQ",0.116961395293001,0.0720188130417182,0.0135768680124929,74,74,74,3.04223149053234,2.59621104052861,1.74865794869997,1.29977094850066,1.56982987137366,1.03481775112081,0.427242618632292,0.604661888755403,0.591778255942018,0.027027027027027,2.92247690008147,3.2599416200767,FALSE,FALSE,1.56982987137366,0.934210526315789,0.789473684210526,0.934210526315789,3,0.885964912280702,0.885964912280702,"structure amplitude timing"
"YNL030W","HHF2",74,0.625010067364738,0.642710753468815,0.105070041398961,3.0427191702892,0.522418231371703,0.171694527866024,2.94379198954857,35.8756161565821,3.39195323614458,74,0,1,0.860006263701848,0.062989425518099,5.56479630282872,0.00199600798403194,0.0665077629723684,11.646284182097,0.00199600798403194,1.54901503474565,7.85827804259285,0.00199600798403194,0.029815369261477,0.0100430717512344,0.0164498589028839,0.601431816066825,TRUE,TRUE,"cycling, varies between strains",74,1.76,1,0,1,NA,21.1,NA,57,NA,"APQ",0.102772542385057,0.0669291495592307,0.000451499643162379,74,74,74,2.1897484272653,2.58157123608798,1.66805841670633,1.13620588601259,1.54527137573032,1.06254580048519,0.518875078006818,0.598577856047064,0.636995557135969,0.0135135135135135,1.84293820139894,2.94379198954857,FALSE,FALSE,1.54527137573032,0.828947368421053,0.828947368421053,0.921052631578947,3,0.859649122807018,0.859649122807018,"structure amplitude timing"
"YDR077W","SED1",74,0.338745109681914,0.356171737877145,0.141228286804756,1.36195064326982,0.549201539501972,0.403246286652083,2.40876577078359,0.345915905553397,7.85670589504469,74,0,1,0.761728781709991,0.0733620268987883,8.46060019632471,0.00199600798403194,0.192876282054614,7.83851954772425,0.00199600798403194,2.94916189475128,5.24875909599177,0.00199600798403194,0.029815369261477,0.0100430717512344,0.0164498589028839,0.251404323316749,TRUE,TRUE,"cycling, varies between strains",74,2.82,8,7,1,-28.3,10.7,60,11,"AAP,BFH,SACE_YCE,CLN,CMI","BHM",0.271965044950543,0.100523763873218,0.0764660803713874,74,74,74,2.66404699892112,2.09069918994965,1.92508703446262,0.956203864229646,1.41004918828502,1.37024245543137,0.358929052158947,0.674439056112602,0.711782080966468,0.108108108108108,4.9075440002934,2.40876577078359,FALSE,FALSE,1.41004918828502,0.710526315789474,0.947368421052632,0.828947368421053,3,0.828947368421053,0.828947368421053,"structure amplitude timing"
"YKR042W","UTH1",74,0.342566989065211,0.360247331170242,0.123402685500378,1.05642980156199,0.347574060963577,0.329008193871159,1.92484271473025,82.7067862576266,7.18046214643805,74,0,1,0.702160977137488,0.0773622534856351,5.65653928495696,0.00199600798403194,0.155681986452999,7.99381465472819,0.00199600798403194,3.08406260665529,8.17364916623583,0.00199600798403194,0.029815369261477,0.0100430717512344,0.0164498589028839,0.298193479626239,TRUE,TRUE,"cycling, varies between strains",74,3.6,7,3,4,-20.7,16.3,62,11,"BRK,AFE,CLN","APQ,SACE_YCE,BDL,CBN",0.18862673806587,0.0886344930497589,0.0166120689028156,74,74,74,2.32824785428898,2.11333501946603,1.59512785551537,1.16729147852944,1.2116156940406,1.14570722873548,0.501360487191736,0.573319271615881,0.718254166757883,0.0945945945945946,4.09639953978276,1.92484271473025,FALSE,FALSE,1.2116156940406,0.868421052631579,0.907894736842105,0.684210526315789,3,0.820175438596491,0.820175438596491,"structure amplitude timing"
"YGR189C","CRH1",74,0.381798136305155,0.391624449138807,0.14583783856209,0.884077833200315,0.27757250704558,0.31396840484144,1.3833205123744,17.8449286717534,3.39311547057516,74,0,1,0.446727215784529,0.0836493948604319,7.08753232111501,0.00199600798403194,0.137330490454117,9.40342629267788,0.00199600798403194,2.52716103012282,1.88194082385526,0.0678642714570858,0.029815369261477,0.0100430717512344,0.180217343091595,0.354833849763483,TRUE,TRUE,"cycling, varies between strains",74,2.21,1,0,1,NA,13.2,NA,31,NA,"BDL",0.207333799774191,0.115681054581776,0.00146907903308635,74,74,74,1.34265898774573,2.286225031333,1.74344164480112,0.874499081640474,1.50974338683705,1.38292757257586,0.651318830486305,0.660365172345603,0.793217012281251,0.0135135135135135,0.865954440452338,1.3833205123744,FALSE,FALSE,1.50974338683705,0.552631578947368,0.973684210526316,0.881578947368421,3,0.802631578947368,0.802631578947368,"structure amplitude"
"YML058W","SML1",74,0.534662085978347,0.551960163279345,0.122036818423389,1.76070576385006,0.467435013661157,0.265481617234577,2.60457662053167,67.1494243022579,3.91560021891297,74,0,1,0.720388349514563,0.0701474255461158,6.69276778619735,0.00199600798403194,0.0871573122212177,15.4841686414294,0.00199600798403194,3.0755020076471,1.74150121894206,0.0479041916167665,0.029815369261477,0.0100430717512344,0.144013859074304,0.495696313783022,TRUE,TRUE,"cycling, varies between strains",74,2.58,2,1,1,-13.1,13.9,54,81,"CLN","BDL",0.181170765400484,0.0903791621483107,0.36706069478099,74,74,74,1.27315807603995,3.04600509663202,1.73971913399958,0.838887438078384,2.07866397876803,1.28841737875176,0.658902813300038,0.682423014021354,0.740589301785577,0.027027027027027,0.840098211265872,2.60457662053167,FALSE,FALSE,2.07866397876803,0.5,0.934210526315789,0.973684210526316,3,0.802631578947368,0.802631578947368,"structure amplitude"
"YIL158W","AIM20",74,0.312488510768205,0.337020670244727,0.116284844180413,0.661668920280419,0.218388688466003,0.33005734706936,1.13878114869143,73.0656235696677,5.12219672385093,74,0,1,0.393485750078296,0.0807659959507014,4.07389635228872,0.00199600798403194,0.156789769271446,7.52026396437989,0.00199600798403194,2.74850317907876,4.07542643767624,0.00199600798403194,0.029815369261477,0.0100430717512344,0.0164498589028839,0.304236442936804,TRUE,TRUE,"cycling, varies between strains",74,2.71,3,2,1,-23.6,13.9,49.5,87,"CCN,SACE_YCM","CNH",0.216431956802462,0.0894996386755767,0.139397310067535,74,74,74,1.86363136227762,2.10509492170972,1.43977478159734,0.985991219012647,1.38039591363744,1.10813514551602,0.529069878823902,0.655740460632679,0.769658671397627,0.0405405405405405,2.37369354477217,1.13878114869143,FALSE,FALSE,1.38039591363744,0.723684210526316,0.868421052631579,0.802631578947368,3,0.798245614035088,0.798245614035088,"structure amplitude timing"
"YNL058C","YNL058C",74,0.353728484266423,0.363178709089675,0.108057787253296,0.710070438711408,0.246301829757328,0.346869572833227,1.4279122219357,80.2450851920779,5.00267871166152,74,0,1,0.302536799248356,0.0897471233060635,1.86456749348654,0.0399201596806387,0.163206252616019,8.69779638605162,0.00199600798403194,2.46081762693039,6.18387320004767,0.00199600798403194,0.18707682673868,0.0100430717512344,0.0164498589028839,0.329544792637641,TRUE,TRUE,"cycling, varies between strains",74,2.93,2,2,0,-23.7,NA,56.5,NA,"SACE_YCE,AAP",NA,0.229169780721136,0.0875545514432001,0.100750778613298,74,74,74,2.03293354896106,2.12534487664096,1.20402507927511,1.19066117209786,1.40417280004775,0.97556944688482,0.58568622309684,0.660679975038686,0.81025674936287,0.027027027027027,2.54186108473113,1.4279122219357,FALSE,FALSE,1.40417280004775,0.907894736842105,0.618421052631579,0.815789473684211,3,0.780701754385965,0.780701754385965,"amplitude timing"
"YJL078C","PRY3",74,0.305121633614035,0.322805703685995,0.114991373634689,0.652344405209757,0.259904460302566,0.398416018021945,1.10595443894115,13.0285781763269,7.26686147481316,74,0,1,0.352145317882869,0.0889939222293032,2.77406076400593,0.00598802395209581,0.210599657479695,6.79833410121415,0.00199600798403194,2.2481428623464,11.990752138043,0.00199600798403194,0.0561230480216039,0.0100430717512344,0.0164498589028839,0.282019749964905,TRUE,TRUE,"cycling, varies between strains",74,3.01,4,4,0,-40,NA,61,NA,"APQ,BDL,AAP,CEG",NA,0.282652134503971,0.0847816769053753,0.145991194610335,74,74,74,3.23238420321238,1.89181702757688,1.29212614473155,1.33888288436369,1.34213007697424,0.952668168584877,0.414209079178489,0.709439685450604,0.73728727838937,0.0540540540540541,5.01871861246676,1.10595443894115,FALSE,FALSE,1.34213007697424,0.973684210526316,0.565789473684211,0.789473684210526,3,0.776315789473684,0.776315789473684,"amplitude timing"
"YLR190W","MMR1",74,0.412944291023139,0.434704080429693,0.108909216041802,1.01567788030525,0.250652064696638,0.246783029892615,1.63528143139704,74.6468587251667,5.38810343897125,74,0,1,0.44760413404322,0.0775714006691794,3.51946806310403,0.00399201596806387,0.114975078257018,8.32666726913267,0.00199600798403194,2.88414317987853,5.9333899771952,0.00199600798403194,0.0454329436365365,0.0100430717512344,0.0164498589028839,0.394376480168133,TRUE,TRUE,"cycling, varies between strains",74,2.97,5,5,0,-15.6,NA,59,NA,"AAP,BDL,CBN,SACE_YCE,APQ",NA,0.139731359049439,0.078372563948668,0.000900872292427857,74,74,74,1.86818167577872,2.14640453943376,1.40398671549415,1.02976857068694,1.21531866877342,1.01032807545793,0.551214362092325,0.566211376488253,0.719613700263777,0.0675675675675676,2.50396025909271,1.63528143139704,FALSE,FALSE,1.21531866877342,0.776315789473684,0.723684210526316,0.697368421052632,3,0.732456140350877,0.732456140350877,"structure amplitude timing"
"YNL300W","TOS6",74,0.717365573481775,0.735165916972346,0.117115568675524,2.75118838010821,0.368040345436317,0.133775043576566,2.5920771989028,29.013550939537,1.19094718168915,74,0,1,0.463012840588788,0.0638873917961413,6.60331335857298,0.00199600798403194,0.0648621460710963,8.13383869214718,0.00199600798403194,0.853003835223826,3.16508246239062,0.00598802395209581,0.029815369261477,0.0100430717512344,0.0336738288129623,0.71516414754472,TRUE,TRUE,"cycling, varies between strains",74,1,0,0,0,NA,NA,NA,NA,NA,NA,0.0757303956006448,0.0624181710972791,0.124570143599774,74,74,74,1.39618033648893,2.06245170225995,1.83315620473643,1.1723276715838,1.16755920344719,0.977002963220812,0.839667800029281,0.566102567234827,0.532962199673151,0,0.337943346465324,2.5920771989028,FALSE,FALSE,1.16755920344719,0.881578947368421,0.671052631578947,0.618421052631579,3,0.723684210526316,0.723684210526316,"structure amplitude timing"
"YNL327W","EGT2",74,0.46838191660623,0.485917437856285,0.128007863607187,0.739194710213133,0.252036253709836,0.340960575376907,1.27390503373899,9.35687942896638,1.94401372660183,74,0,1,0.196930786094582,0.0948467075831202,3.34987733704662,0.00199600798403194,0.182531576816078,7.13521562968073,0.00199600798403194,1.09040194320343,2.6171226804924,0.0219560878243513,0.029815369261477,0.0100430717512344,0.0801145800003047,0.46651751600226,TRUE,TRUE,"cycling, varies between strains",74,1.23,0,0,0,NA,NA,NA,NA,NA,NA,0.26744194942847,0.0855942951913391,0.127354931405094,74,74,74,1.78284139964995,1.86795392514724,1.34962896308241,1.12802440207182,1.46518182822662,0.902448776266983,0.632711581800434,0.784377927368383,0.668664352168233,0,0.853611783398399,1.27390503373899,FALSE,FALSE,1.46518182822662,0.815789473684211,0.473684210526316,0.868421052631579,3,0.719298245614035,0.719298245614035,"structure amplitude"
"YLR286C","CTS1",74,0.406068492156146,0.419995592930409,0.112985650538179,1.00280252502251,0.31685501034169,0.315969497917428,1.68084423739134,18.5570412565734,4.06906572457035,74,0,1,0.279235828374569,0.0921754576110049,2.25383038519146,0.0179640718562874,0.161442088075772,7.56578741808561,0.00199600798403194,1.77350487762006,8.24695640137156,0.00199600798403194,0.120941216159231,0.0100430717512344,0.0164498589028839,0.387188853353514,TRUE,TRUE,"cycling, varies between strains",74,2.34,2,1,1,-10.6,24.4,8,43,"SACE_YCK","BDL",0.228614457446145,0.0770910181365605,0.0796869287056577,74,74,74,2.2943639884604,1.95716929633076,1.22576717779907,1.3194212373073,1.41607718390539,0.836350804591574,0.575070583370113,0.723533312401846,0.682308043272369,0.027027027027027,2.29556084695028,1.68084423739134,FALSE,FALSE,1.41607718390539,0.947368421052632,0.302631578947368,0.842105263157895,3,0.697368421052632,0.697368421052632,"amplitude timing"
"YOR264W","DSE3",74,0.390552631011987,0.393660774072265,0.135295411586296,0.506733095345267,0.193306233028166,0.381475444970602,1.06552160668203,8.18161982362476,1.73837046045958,74,0,1,0.188412151581585,0.0986805521072883,3.74264541405878,0.00199600798403194,0.211784398442971,6.60587800769866,0.00199600798403194,1.20680567307071,1.16064848723846,0.0518962075848303,0.029815369261477,0.0100430717512344,0.14854124087155,0.395473070984864,TRUE,TRUE,"cycling, varies between strains",74,1.1,0,0,0,NA,NA,NA,NA,NA,NA,0.277008847693811,0.0994112055287287,0.190721089028677,74,74,74,1.44047256260928,1.80124432099433,1.37104433140179,0.911497206672106,1.30797570420847,1.00740422916003,0.63277651399414,0.72615118835541,0.734771448367416,0,0.531564787388871,1.06552160668203,FALSE,FALSE,1.30797570420847,0.592105263157895,0.710526315789474,0.776315789473684,3,0.692982456140351,0.692982456140351,"structure amplitude"
"YPL158C","AIM44",74,0.411690180710566,0.406245798015372,0.138358759272209,0.640197453159338,0.237420423012763,0.370854994566296,1.22913543741783,6.28469563765961,1.21333267593567,74,0,1,0.173441904165362,0.0964305584329746,4.2602037967348,0.00199600798403194,0.218676023979266,5.87567839743942,0.00199600798403194,1.05920494793124,0.317726183233462,0.109780439121756,0.029815369261477,0.0100430717512344,0.253502656522703,0.41852826469231,TRUE,TRUE,"cycling, varies between strains",74,0.9,0,0,0,NA,NA,NA,NA,NA,NA,0.264621632197306,0.107356369248796,0.0549825239245649,74,74,74,1.14551265862708,1.69591063445281,1.43480201214823,0.849693915948764,1.21010811968301,1.11330237005125,0.741758643651427,0.713544744103483,0.775927522142498,0,0.154127728004434,1.22913543741783,FALSE,FALSE,1.21010811968301,0.526315789473684,0.881578947368421,0.671052631578947,3,0.692982456140351,0.692982456140351,"structure amplitude"
"YGR086C","PIL1",74,0.314175744278692,0.302293556569914,0.125434644557798,0.799299751184182,0.283731399629756,0.354974963034082,1.40880754435892,12.4446593011315,4.8245893072777,74,0,1,0.921265267773254,0.0812684810188589,5.46769551563131,0.00199600798403194,0.20144883148729,5.64413459958015,0.00199600798403194,2.20351896532041,4.67862640335678,0.00598802395209581,0.029815369261477,0.0100430717512344,0.0336738288129623,0.279769240888844,TRUE,TRUE,"cycling, varies between strains",74,2.19,2,1,1,-42.4,20.6,58,33,"BDL","APQ",0.212475014511493,0.089680028296473,0.000117776484199528,74,74,74,2.1894929806407,1.76210981425563,1.54345993656126,0.993864829151381,1.05473441043464,1.10350319302341,0.453924647367698,0.598563382316891,0.714954218689957,0.027027027027027,2.62107034195729,1.40880754435892,FALSE,FALSE,1.05473441043464,0.736842105263158,0.855263157894737,0.447368421052632,3,0.679824561403509,0.679824561403509,"structure amplitude timing"
"YGR279C","SCW4",74,0.322610046597473,0.317784654016639,0.137611218020952,0.941754498945253,0.328446195600815,0.348759890150425,1.47551324817645,71.6794229609109,6.04686708971612,74,0,1,0.818540557469464,0.0791921139257289,7.15068219932226,0.00199600798403194,0.160871780541692,8.3466639998611,0.00199600798403194,3.18565297508989,3.22553742582009,0.00199600798403194,0.029815369261477,0.0100430717512344,0.0164498589028839,0.29339235387454,TRUE,TRUE,"cycling, varies between strains",74,2.32,5,4,1,-18.2,40.3,53.5,24,"BHM,BRK,CLN,CDH","BDL",0.230145397043074,0.108730452985337,0.00268495419401282,74,74,74,1.89815624520292,2.16793703019928,1.73768840354498,0.728265136893807,1.43061384829659,1.37299596633209,0.383669752547664,0.659896403063462,0.790127829322622,0.0675675675675676,2.86121411462623,1.47551324817645,FALSE,FALSE,1.43061384829659,0.210526315789474,0.960526315789474,0.855263157894737,3,0.675438596491228,0.675438596491228,"structure amplitude timing"
"YNR009W","NRM1",74,0.190797470394709,0.180217062316166,0.0832899415967347,0.487510620016328,0.163107641707749,0.334572489317846,0.869754721271337,43.8897596297105,9.06275278719533,74,0,1,0.304290635765738,0.0584826871715454,3.24147104334655,0.00199600798403194,0.217639926958601,3.93128485438389,0.00199600798403194,6.26730081631329,4.6724288941826,0.00199600798403194,0.029815369261477,0.0100430717512344,0.0164498589028839,0.164188652729039,TRUE,TRUE,"cycling, varies between strains",74,5.94,16,6,10,-11.4,17.6,32.5,61.5,"AAP,BEF,BHK,AFE,BHG","CBN,BDL,SACE_YCE,BRK,CNH",0.231838802931192,0.060892171047221,0.273314827184131,74,74,74,1.44603762493827,1.53727532440078,1.42418116582815,0.947776431049655,1.06524021658623,1.04119995151057,0.655429993455473,0.692940424970038,0.731086730040499,0.216216216216216,2.79545197088204,0.869754721271337,FALSE,FALSE,1.06524021658623,0.697368421052632,0.802631578947368,0.460526315789474,3,0.653508771929825,0.653508771929825,"structure amplitude timing"
"YPL232W","SSO1",74,0.152272840537075,0.159146670794295,0.0856747951890853,0.391702364131937,0.210131493710971,0.536457047372308,0.919864211195896,15.7073825124774,8.95984232255378,74,0,1,0.649796429689947,0.0708968689271848,1.85909975500293,0.0399201596806387,0.318806596640192,6.05089133585972,0.00199600798403194,5.49231570352717,4.87450427961756,0.00199600798403194,0.18707682673868,0.0100430717512344,0.0164498589028839,0.140608334169822,TRUE,TRUE,"cycling, varies between strains",74,5.04,12,7,5,-17.7,15.3,86,31,"CLN,CNH,CBN,AFE,SACE_YCE","BNV,CDH,SACE_YCM,BDP,CDT",0.525640900618633,0.0607819333321448,0.0170815970885722,74,74,74,1.6313414607248,1.68270372390618,1.20844257984197,0.917645720322178,1.64877673849351,0.857328881400551,0.562509899009414,0.979837814030676,0.7094494150584,0.162162162162162,3.46752661902661,0.919864211195896,FALSE,FALSE,1.64877673849351,0.618421052631579,0.342105263157895,0.960526315789474,3,0.640350877192982,0.640350877192982,"amplitude timing"
"YML052W","SUR7",74,0.421692534499492,0.44597987254141,0.110730780321354,1.04242818104377,0.219818906844956,0.210871991799814,1.43904938794136,69.3878037868377,3.92815655942602,74,0,1,0.504729094895083,0.0742251287137856,4.54547693134702,0.00199600798403194,0.107221269767101,7.06709638361628,0.00199600798403194,3.14407315038864,1.53690610231454,0.0838323353293413,0.029815369261477,0.0100430717512344,0.210904506775922,0.404558687108315,TRUE,TRUE,"cycling, varies between strains",74,2.6,1,1,0,-18.4,NA,51,NA,"BRK",NA,0.125084240694213,0.0775537897515929,0.0302991411524566,74,74,74,1.24938459492918,1.96669925899829,1.49182335201244,0.826952769746663,1.16659913621535,1.04484547343316,0.661888079221545,0.593176171129255,0.700381497597347,0.0135135135135135,0.784083409037382,1.43904938794136,FALSE,FALSE,1.16659913621535,0.447368421052632,0.815789473684211,0.605263157894737,3,0.62280701754386,0.62280701754386,"structure amplitude"
"YDL179W","PCL9",74,0.296748296145692,0.309140400434586,0.12080552274569,0.342955283420624,0.146648650710154,0.427602832787661,0.671129836201864,6.71564820715033,1.64758463517104,74,0,1,0.123645474475415,0.094699937559278,2.77384643897434,0.00598802395209581,0.303283406883119,3.44108030349886,0.00598802395209581,1.48028929455321,0.196832270526991,0.209580838323353,0.0561230480216039,0.0216839049174379,0.369666570917206,0.302852671357957,TRUE,TRUE,"cycling, varies between strains",74,1.35,0,0,0,NA,NA,NA,NA,NA,NA,0.323836435003567,0.0960243688968264,0.109866531732127,74,74,74,1.11301530128834,1.40991172969925,1.27566634001285,0.911983897314792,1.06776838974368,1.01398555660841,0.819381275584578,0.757329957082809,0.79486737621234,0,0.167295340617831,0.671129836201864,FALSE,FALSE,1.06776838974368,0.605263157894737,0.75,0.486842105263158,3,0.614035087719298,0.614035087719298,"amplitude"
"YLR194C","NCW2",74,0.432499813741676,0.46491737651989,0.143905170937879,0.772786888466694,0.247998747822865,0.320914797499898,1.37165368198044,6.78612114735568,1.29513124232385,74,0,1,0.255308487316004,0.0971013068341923,4.6217459466063,0.00199600798403194,0.194480468878475,5.13361414678742,0.00199600798403194,1.0736659479678,0.48732348865631,0.0898203592814371,0.029815369261477,0.0100430717512344,0.222456641121901,0.437807772224196,TRUE,TRUE,"cycling, varies between strains",74,0.8,0,0,0,NA,NA,NA,NA,NA,NA,0.228368924857641,0.112427558579343,0.0142872039396872,74,74,74,1.20627020422435,1.65011324453577,1.48201065083097,0.745110712986862,1.17425120463043,1.15783774950961,0.617698016893302,0.71161855619236,0.78126142268978,0,0.221465294356053,1.37165368198044,FALSE,FALSE,1.17425120463043,0.276315789473684,0.921052631578947,0.644736842105263,3,0.614035087719298,0.614035087719298,"structure amplitude"
"YOR315W","SFG1",74,0.20278726959591,0.22008617672499,0.0968603375732709,0.463385545658658,0.129897973584246,0.280323749416069,0.647671124893877,66.4510762733989,6.6609548389284,74,0,1,0.321954274976511,0.0700088457230025,3.26242049243535,0.00199600798403194,0.197839397595372,2.9993858313436,0.00399201596806387,5.15332767183661,2.97252825954977,0.00798403193612774,0.029815369261477,0.0160351565776011,0.0410362071555813,0.206572472120998,TRUE,TRUE,"cycling, varies between strains",74,4.82,8,6,2,-13,16,53.5,82.5,"CDH,SACE_YCK,ATS,BHQ,APQ","BDL,AMP",0.205044075819181,0.0700813905287588,0.277493758800531,74,74,74,1.29255410544358,1.41692581368144,1.38354427319812,0.93531797450834,1.03641680227183,1.00103622342301,0.723619978900117,0.731454528010204,0.723530314725003,0.108108108108108,1.50762716709178,0.647671124893877,FALSE,FALSE,1.03641680227183,0.684210526315789,0.697368421052632,0.421052631578947,3,0.600877192982456,0.600877192982456,"structure amplitude timing"
"YLR049C","MLO50",74,0.205130171067005,0.208388671584043,0.107614542679052,0.292068468225488,0.121921747899467,0.417442350556441,0.5939170879194,12.9210849213881,6.04461180114738,74,0,1,0.168243031631694,0.0801748869353989,3.14048989114576,0.00798403193612774,0.268903320302743,4.49605111406418,0.00199600798403194,3.43580886074552,4.40327348005143,0.00199600798403194,0.0669538116748958,0.0100430717512344,0.0164498589028839,0.197624041533826,TRUE,TRUE,"cycling, varies between strains",74,2.78,4,1,3,-41.9,20.1,59,33,"APQ","CNH,CBN,CLP",0.318714038697627,0.0801460324586288,0.139143450820025,74,74,74,1.75929804192768,1.5523882341299,1.34224751405964,0.809125336325251,1.18523653162336,0.999640105800295,0.459913736639349,0.763492343967469,0.74475094595398,0.0540540540540541,2.60880294040186,0.5939170879194,FALSE,FALSE,1.18523653162336,0.421052631578947,0.684210526315789,0.657894736842105,3,0.587719298245614,0.587719298245614,"amplitude timing"
"YPL163C","SVS1",74,0.484825366963107,0.507442072245794,0.127347130945216,1.02265459551986,0.23966566329007,0.234356413533972,1.6013990269948,27.3389887952902,1.48011872667503,74,0,1,0.320012527403696,0.088759667442833,4.10192540098387,0.00199600798403194,0.128034923565393,6.22293940845637,0.00199600798403194,1.24667743121325,1.25054115800212,0.0818363273453094,0.029815369261477,0.0100430717512344,0.208073215271584,0.477199712735303,TRUE,TRUE,"cycling, varies between strains",74,0.91,0,0,0,NA,NA,NA,NA,NA,NA,0.157894662206521,0.0912797601682876,0.152251541022714,74,74,74,1.18725075919166,1.83041007100126,1.43474096528399,0.729940221276327,1.23321557751293,1.0283923182461,0.614815543915346,0.67373732097002,0.716779086350642,0,0.233441295461787,1.6013990269948,FALSE,FALSE,1.23321557751293,0.223684210526316,0.776315789473684,0.710526315789474,3,0.570175438596491,0.570175438596491,"structure amplitude"
"YER001W","MNN1",74,0.209190136833395,0.210854242833377,0.103672267907482,0.433145715522836,0.221123729858026,0.510506561495397,1.13334450824826,27.9064657900813,5.81088970759616,74,0,1,0.287942373943,0.0749208225469256,3.2296686251841,0.00598802395209581,0.249405987007978,7.71998212558568,0.00199600798403194,3.26644948143763,4.29553160158589,0.00199600798403194,0.0561230480216039,0.0100430717512344,0.0164498589028839,0.180646410419204,TRUE,TRUE,"cycling, varies between strains",74,2.11,3,1,2,-25.9,32.1,2,60,"AFE","BGD,APQ",0.400829644908037,0.0730973584220335,0.450610869194981,74,74,74,1.77896206282017,2.04688976243007,1.38375773761091,0.645961314262037,1.60713722118955,0.975661450810287,0.363111348894085,0.78516061328166,0.705081116651814,0.0405405405405405,2.54444022615853,1.13334450824826,FALSE,FALSE,1.60713722118955,0.105263157894737,0.631578947368421,0.947368421052632,3,0.56140350877193,0.56140350877193,"amplitude timing"
"YCR024C-A","PMP1",74,0.300475512442473,0.308840505749007,0.109301824205113,0.690707560173104,0.184919974530337,0.267725424178059,1.13731694278064,74.9503843826408,3.77488851308403,74,0,1,0.463513936736611,0.0797287828240799,3.45009797171753,0.00399201596806387,0.157481122142456,5.02876494153879,0.00199600798403194,3.11080480795132,1.16236091041451,0.151696606786427,0.0454329436365365,0.0100430717512344,0.304834314772944,0.303331757620635,TRUE,TRUE,"cycling, varies between strains",74,2.59,1,1,0,-13,NA,62,NA,"APQ",NA,0.168146086619366,0.0808141391006679,0.0471597826568289,74,74,74,1.21347649438991,1.70004772975822,1.37092051745335,0.832581971514213,1.06772217731128,1.01361310480536,0.686112978177468,0.628054235549685,0.739366791802247,0.0135135135135135,0.664083705132715,1.13731694278064,FALSE,FALSE,1.06772217731128,0.473684210526316,0.736842105263158,0.473684210526316,3,0.56140350877193,0.56140350877193,"structure amplitude"
"YBR071W","YBR071W",74,0.282971151085139,0.284741540565711,0.112918133949829,0.43192628311061,0.160333889955743,0.371206606833612,0.73329858480882,14.021902082623,3.39790387008207,74,0,1,0.188913247729408,0.0880793406820964,2.60411176925792,0.0179640718562874,0.22050598608246,5.29295743928858,0.00199600798403194,2.5253582866483,1.87545496382678,0.06187624750499,0.120941216159231,0.0100430717512344,0.170964429522458,0.278365334506358,TRUE,TRUE,"cycling, varies between strains",74,1.96,1,0,1,NA,18,NA,32,NA,"CBN",0.275891705705745,0.0840084406280438,0.000455485357600649,74,74,74,1.34551358040836,1.68343097359178,1.28200475929291,0.776127494606458,1.25117558306364,0.953781442702374,0.576826206667424,0.743229513232801,0.743976522543045,0.0135135135135135,0.872545583433773,0.73329858480882,FALSE,FALSE,1.25117558306364,0.342105263157895,0.578947368421053,0.736842105263158,3,0.552631578947368,0.552631578947368,"amplitude"
"YHR152W","SPO12",74,0.281182675837271,0.283016723532808,0.101943640421499,0.50687673032214,0.180941014977718,0.356972423773966,1.00516722128369,81.3555554004647,4.76649325852742,74,0,1,0.299592859379893,0.0908443070298744,1.13237761395093,0.129740518962076,0.207149968519591,5.26634823137012,0.00199600798403194,2.75991059387116,4.15150700745247,0.00798403193612774,0.351788044023685,0.0100430717512344,0.0410362071555813,0.261007743364057,TRUE,TRUE,"cycling, varies between strains",74,3.2,4,1,3,-15.4,10.6,66,4,"AAP","CBN,CLN,SACE_YCE",0.215079251517025,0.0787169456816194,0.00184746114711287,74,74,74,1.72704625617664,1.72325598852411,1.12217973535727,1.15945784878182,1.03827798311581,0.866503892816676,0.671353094704391,0.602509429841037,0.772161415426743,0.0540540540540541,2.00658266465627,1.00516722128369,FALSE,FALSE,1.03827798311581,0.855263157894737,0.368421052631579,0.434210526315789,3,0.552631578947368,0.552631578947368,"amplitude timing"
"YHR143W","DSE2",74,0.303066064410617,0.314222484470789,0.109562539756751,0.521133473711076,0.19407516541801,0.372409709236234,0.932083499786148,18.595805234478,5.16294719424212,74,0,1,0.18133416849358,0.0891085087780975,2.202179803871,0.0279441117764471,0.216361493364751,6.02457824835377,0.00199600798403194,2.01996619725094,8.75895773448803,0.00199600798403194,0.157144534460491,0.0100430717512344,0.0164498589028839,0.308057237268887,TRUE,TRUE,"cycling, varies between strains",74,2.37,2,0,2,NA,32.4,NA,51,NA,"AFE,BDL",0.231035487168259,0.0737563218604796,0.353401639682455,74,74,74,2.55595722407067,1.72123839341601,1.22954071680841,1.17328696055678,1.06782165151158,0.82771356935342,0.459040139446536,0.620379870444529,0.673189230773881,0.027027027027027,3.14298099699117,0.932083499786148,FALSE,FALSE,1.06782165151158,0.894736842105263,0.25,0.5,3,0.548245614035088,0.548245614035088,"amplitude timing"
"YKL185W","ASH1",74,0.36635819357493,0.356452903905307,0.110807294671907,0.569704827813888,0.216596249457782,0.380190300104918,1.03869107610847,5.83751555530933,1.33472178120891,74,0,1,0.166050735984967,0.0954840816175378,1.54205803205191,0.06187624750499,0.24431363557306,4.8224322978471,0.00199600798403194,1.22736408654573,0.16992098754377,0.145708582834331,0.238522954091816,0.0100430717512344,0.300209924977631,0.370971014721458,TRUE,TRUE,"cycling, varies between strains",74,0.99,0,0,0,NA,NA,NA,NA,NA,NA,0.310731286328131,0.0877712376019507,0.0140995061035569,74,74,74,1.08747012874177,1.5561566967523,1.1604792421395,0.806606622152546,1.27185404776644,0.91922377128283,0.741727612404225,0.817304613616867,0.792107034666226,0,0.107357694663176,1.03869107610847,FALSE,FALSE,1.27185404776644,0.394736842105263,0.486842105263158,0.75,3,0.543859649122807,0.543859649122807,"amplitude"
"YGR109C","CLB6",74,0.221704772736269,0.229690219853596,0.103998464513484,0.255358651109468,0.121273867442052,0.474915836667949,0.578412778470697,21.1646989923329,4.00647046119637,74,0,1,0.109552145317883,0.0817479575376601,2.7646890748629,0.00798403193612774,0.289441335618726,5.08609050967838,0.00399201596806387,2.20073819849348,3.60659582808768,0.00598802395209581,0.0669538116748958,0.0160351565776011,0.0336738288129623,0.228832052919636,TRUE,TRUE,"cycling, varies between strains",74,1.9,2,0,2,NA,21.3,NA,42.5,NA,"AAP,BDL",0.309722238594453,0.0770823215795021,0.257070766598004,74,74,74,1.82051207360286,1.64080170391952,1.27218425568093,0.863346672176023,1.07006913139194,0.942926574575168,0.474232873648254,0.652162372111008,0.741187112137678,0.027027027027027,1.8057322627029,0.578412778470697,FALSE,FALSE,1.07006913139194,0.539473684210526,0.539473684210526,0.526315789473684,3,0.535087719298246,0.535087719298246,"amplitude timing"
"YGL028C","SCW11",74,0.251543343506267,0.258741921180642,0.100301198594819,0.384203898424505,0.174656931975554,0.454594377339129,0.766553704750018,12.6232291928537,6.43840550865761,74,0,1,0.158095834638271,0.0879707411419114,1.29828429786136,0.11377245508982,0.290788176520241,4.92922387844767,0.00199600798403194,2.19687030066812,5.78902632960831,0.00199600798403194,0.327609840559844,0.0100430717512344,0.0164498589028839,0.248857480975195,TRUE,TRUE,"cycling, varies between strains",74,1.94,4,2,2,-40.6,27.9,60,40.5,"BDL,AFE","CNH,AAP",0.361695887310512,0.0734473024587004,0.239636483095481,74,74,74,2.9307171691927,1.56331795459877,1.1401654378814,0.883074435213584,1.24384660902929,0.834906032452514,0.301316839610571,0.795645316661465,0.732267445331349,0.0540540540540541,4.24153520798949,0.766553704750018,FALSE,FALSE,1.24384660902929,0.565789473684211,0.289473684210526,0.723684210526316,3,0.526315789473684,0.526315789473684,"amplitude timing"
"YMR305C","SCW10",74,0.389430624112043,0.394583833973466,0.120345465537608,0.981726466502244,0.25411120511921,0.258841147498623,1.43666349873814,29.6666976309243,3.58027321405696,74,0,1,0.477795176949577,0.0810851609132814,4.58727647782652,0.00199600798403194,0.124463600692296,7.77753544967426,0.00199600798403194,1.9235081654528,5.08674880320476,0.00399201596806387,0.029815369261477,0.0100430717512344,0.0265025504546463,0.379497205594814,TRUE,TRUE,"cycling, varies between strains",74,1.32,1,0,1,NA,31.3,NA,61,NA,"APQ",0.145572276482651,0.0831649933110477,0.00205672819585179,74,74,74,1.86132467663019,2.07965337704267,1.48418606045951,0.686246112030029,1.16959718080582,1.02564997558543,0.368686946799865,0.562400058450619,0.691052155056549,0.0135135135135135,1.65676504860416,1.43666349873814,FALSE,FALSE,1.16959718080582,0.157894736842105,0.763157894736842,0.631578947368421,3,0.517543859649123,0.517543859649123,"structure amplitude timing"
"YHR110W","ERP5",74,0.306677958341065,0.308128144290938,0.108973715471785,0.706022042562405,0.203918816201959,0.288827832431216,1.09473967101289,26.3181426963425,3.62439550245736,74,0,1,0.48374569370498,0.082938175729377,2.96658870478482,0.00199600798403194,0.153042223632916,6.50108156958839,0.00199600798403194,2.57182125115904,2.7667739419562,0.00798403193612774,0.029815369261477,0.0100430717512344,0.0410362071555813,0.307964656293741,TRUE,TRUE,"cycling, varies between strains",74,1.98,3,2,1,-11.8,16.7,14.5,43,"SACE_YCM,BGD","BDL",0.164686317434797,0.0809967178109082,0.00206944104900153,74,74,74,1.40927193164142,1.88724278552037,1.31391502783182,0.769882432189903,1.0760841911825,0.976591504438152,0.546297996081705,0.570188530823175,0.743268387796502,0.0405405405405405,1.05257425129832,1.09473967101289,FALSE,FALSE,1.0760841911825,0.328947368421053,0.644736842105263,0.539473684210526,3,0.504385964912281,0.504385964912281,"structure amplitude timing"
"YMR002W","MIX17",74,0.169485484465762,0.157055270595748,0.107224886051213,0.462056606775007,0.213486950628781,0.46203635549948,0.879250787908906,64.8203701610395,12.0229621312969,74,0,1,0.939931099279674,0.0744720619894686,3.48392042725998,0.00199600798403194,0.366143186806712,2.48836818181411,0.0139720558882236,10.0227197855577,2.15262499977516,0.0179640718562874,0.029815369261477,0.0409732681875513,0.0686946107784431,0.121777148136638,TRUE,TRUE,"cycling, varies between strains",74,9.98,32,13,19,-12.8,16.2,52,81,"CLN,CEG,AKI,SACE_YCM,BRK","CNH,BNV,CBN,CCQ,CGS",0.347160948109874,0.0664274817821681,0.000128235930128007,74,74,74,1.19957081396423,1.26190073214005,1.43980015037553,0.995737705286414,0.948156242200243,0.891978548835694,0.830078302752128,0.751371497021221,0.619515526931321,0.432432432432432,2.00024234573912,0.879250787908906,FALSE,FALSE,0.948156242200243,0.75,0.434210526315789,0.263157894736842,3,0.482456140350877,0.482456140350877,"structure amplitude"
"YDL018C","ERP3",74,0.218715593135265,0.228474474213437,0.094087667475473,0.422233416631844,0.156670530788519,0.371051945718271,0.713854957506248,24.2913822944988,3.81636537292401,74,0,1,0.297776385844034,0.0804002643882032,1.58644908667229,0.0558882235528942,0.209182390406053,5.98621598349085,0.00199600798403194,3.36018721216361,0.875763262050636,0.187624750499002,0.234338340862135,0.0100430717512344,0.347614847823732,0.219129823944177,TRUE,TRUE,"cycling, varies between strains",74,2.68,3,1,2,-13.3,11.7,11,36,"BDL","APQ,BAG",0.228342024681544,0.0747688418799287,0.0544732694935857,74,74,74,1.1357597455014,1.77382018150766,1.17024077210968,0.797574608432119,1.09159295980077,0.929957661817082,0.70223884196566,0.615390991251982,0.794672074312179,0.0405405405405405,0.456178160760403,0.713854957506248,FALSE,FALSE,1.09159295980077,0.368421052631579,0.513157894736842,0.552631578947368,3,0.478070175438597,0.478070175438597,"amplitude"
"YML119W","YML119W",74,0.240649939544219,0.246745854880949,0.0962026389690779,0.382635499799817,0.134321453571958,0.351042842711225,0.707450373547244,76.8038411697974,5.57496675841329,74,0,1,0.200250548073912,0.0863878972865104,1.02136762135329,0.143712574850299,0.231337775056949,3.97380522817455,0.00199600798403194,2.81783843482838,4.88853576449714,0.00199600798403194,0.368511653940796,0.0100430717512344,0.0164498589028839,0.219800721405695,TRUE,TRUE,"cycling, varies between strains",74,2.99,5,2,3,-18.8,18.2,58,7,"SACE_YCE,BRK","AAP,CBN,BDL",0.226778978562532,0.0717978415145652,0.0249136360424907,74,74,74,1.97845507730568,1.51744712952655,1.11361246182456,1.06109703205255,0.980293765281977,0.83110995602131,0.536326067861792,0.646015104056927,0.746318835782071,0.0675675675675676,2.75712832358491,0.707450373547244,FALSE,FALSE,0.980293765281977,0.789473684210526,0.276315789473684,0.355263157894737,3,0.473684210526316,0.473684210526316,"amplitude timing"
"YMR215W","GAS3",74,0.185765266017321,0.190654104166205,0.079084771943444,0.548909338906218,0.182403369591273,0.332301450645272,0.995684501364156,48.5998063230097,9.20546984991784,74,0,1,0.390416536172878,0.0633305590864531,1.96518706015629,0.0459081836327345,0.217507847961498,3.75401105364739,0.00199600798403194,6.58224482892391,5.04564026744609,0.00199600798403194,0.205085156789225,0.0100430717512344,0.0164498589028839,0.168078479357924,TRUE,TRUE,"cycling, varies between strains",74,7.25,18,7,11,-17.6,13.4,31,62,"BDL,BRK,AAP,APQ,CDT","CBN,CGN,AFE,AKH,CCG",0.196891485238893,0.0561893568608233,0.030080094129236,74,74,74,1.39853045414945,1.52776763578707,1.24876162604983,1.10144793887669,0.905215545481124,0.887239236023777,0.787575226273182,0.592508653984398,0.710495275892129,0.243243243243243,2.62322502099393,0.995684501364156,FALSE,FALSE,0.905215545481124,0.802631578947368,0.421052631578947,0.184210526315789,3,0.469298245614035,0.469298245614035,"amplitude timing"
"YBL035C","POL12",74,0.23374445131283,0.238407924311636,0.111506444235246,0.356219149974199,0.126275695271032,0.354488789499884,0.544522611532984,20.7612739777567,5.02998141448645,74,0,1,0.207140620106483,0.0874122303175607,2.59213677161122,0.00798403193612774,0.218413374244383,4.93340537594939,0.00199600798403194,2.68890331748707,5.19279614645875,0.00199600798403194,0.0669538116748958,0.0100430717512344,0.0164498589028839,0.248035854712375,TRUE,TRUE,"cycling, varies between strains",74,2.27,4,2,2,-15.3,24.2,5.5,45,"CNH,AAP","APQ,CBN",0.203798514529407,0.0828343087317127,0.00328675465034489,74,74,74,1.87064420716594,1.62301777867891,1.27563893324942,0.844210345993937,0.933086241785618,0.947628363111011,0.451293914021701,0.574908207441278,0.742865663951733,0.0540540540540541,2.34107809699938,0.544522611532984,FALSE,FALSE,0.933086241785618,0.513157894736842,0.552631578947368,0.25,3,0.43859649122807,0.43859649122807,"amplitude timing"
"YKR077W","MSA2",74,0.209031622571215,0.215724127314161,0.115568438089869,0.239639391630709,0.106583249476623,0.444765147963948,0.445860015108078,14.0909688432681,5.58194508663099,74,0,1,0.130786094581898,0.0858145533846079,3.40103268988178,0.00199600798403194,0.295863281521727,4.28436141600026,0.00199600798403194,2.78586931283055,4.45752067866777,0.00199600798403194,0.029815369261477,0.0100430717512344,0.0164498589028839,0.210208585315821,TRUE,TRUE,"cycling, varies between strains",74,1.83,6,4,2,-13.1,19.9,1,34,"AFE,AAP,SACE_YCK,CNH","BDL,APQ",0.332744402058309,0.0833981932877012,0.0458591869300398,74,74,74,2.00366365389894,1.50327930413117,1.34672306190197,0.656886520689174,1.12465595712618,0.971842071052017,0.327842709234624,0.748135063148611,0.721634683881845,0.0810810810810811,2.79607577380043,0.445860015108078,FALSE,FALSE,1.12465595712618,0.131578947368421,0.592105263157895,0.592105263157895,3,0.43859649122807,0.43859649122807,"structure amplitude timing"
"YJL194W","CDC6",74,0.165716138918648,0.160971711787457,0.101122962956935,0.179064085039097,0.104947726411604,0.586090317266523,0.380675176561879,6.06165339152615,2.15967541424129,74,0,1,0.133103664265581,0.0843905074268657,1.90591322670889,0.0479041916167665,0.446668448486676,3.14557783298766,0.00199600798403194,3.24133624670754,-0.786629567654617,0.662674650698603,0.21202040363717,0.0100430717512344,0.793880909859479,0.178301518197334,TRUE,TRUE,"cycling, varies between strains",74,1.26,1,1,0,-12.1,NA,82,NA,"BRK",NA,0.583830577556943,0.0793853876653296,0.0693524947073366,74,74,74,0.666291692642204,1.31213726703153,1.19827414291317,0.388728568743794,1.30707816846024,0.940690962595839,0.583421004698822,0.996144383138559,0.785038188597553,0.0135135135135135,-1.08166083246624,0.380675176561879,FALSE,FALSE,1.30707816846024,0,0.526315789473684,0.763157894736842,3,0.429824561403509,0.429824561403509,"amplitude"
"YGR041W","BUD9",74,0.169087051517282,0.166709577776321,0.0888379882644799,0.199276793868734,0.100068257562333,0.502157103291464,0.411751152608484,14.2847087278472,6.95366354528034,74,0,1,0.126526777325399,0.07973475460831,1.03001378063172,0.149700598802395,0.332998257154391,4.34584064984608,0.00399201596806387,3.14896212439307,5.56632747183214,0.00199600798403194,0.37052109373486,0.0160351565776011,0.0164498589028839,0.173499905728791,TRUE,TRUE,"cycling, varies between strains",74,2.64,6,4,2,-25.8,30.7,76.5,45,"APQ,CLN,CBN,SACE_YCE","AFE,CDH",0.370234879180885,0.0639734480817243,0.117139378931747,74,74,74,2.20823981699068,1.50798718162253,1.11416895556886,0.838371468348109,1.11182227301937,0.80232827448944,0.379655987496238,0.737288941556587,0.720113651057347,0.0810810810810811,3.80470142088727,0.411751152608484,FALSE,FALSE,1.11182227301937,0.486842105263158,0.157894736842105,0.578947368421053,3,0.407894736842105,0.407894736842105,"amplitude timing"
"YLR254C","NDL1",74,0.18763167119159,0.184944008893843,0.0918299720567096,0.307105324470513,0.13053873291488,0.425061770387553,0.524773257780553,82.8414701443364,5.82121266093124,74,0,1,0.217350454118384,0.0823224076802311,0.96698392402857,0.177644710578842,0.285780464728453,3.96236314438348,0.00199600798403194,3.85745085993599,3.01777449433631,0.00598802395209581,0.386793979608351,0.0100430717512344,0.0336738288129623,0.173694364756146,TRUE,TRUE,"cycling, varies between strains",74,3.56,6,2,4,-15.8,15.7,67,10.5,"AAP,BGD","CBN,SACE_YCE,APQ,CLP",0.255417113641357,0.0729839064916907,0.00980588620408751,74,74,74,1.50908277831641,1.48737168158588,1.11549181619431,0.922889267877563,0.893752880848776,0.88656185537218,0.611556424298454,0.600894108657381,0.794772173584236,0.0810810810810811,1.96376180099526,0.524773257780553,FALSE,FALSE,0.893752880848776,0.631578947368421,0.407894736842105,0.171052631578947,3,0.403508771929825,0.403508771929825,"amplitude timing"
"YPL267W","ACM1",74,0.316355146861549,0.331953223537978,0.109413701062584,0.484706930123659,0.135782175376559,0.280132523258782,0.904300725342808,22.9213280219066,2.76481975716214,74,0,1,0.184779204509865,0.0883044867040509,2.42146678695071,0.0139720558882236,0.202492074626236,3.07109023162552,0.00598802395209581,1.85283279762698,2.5620160010099,0.0359281437125748,0.107720043783401,0.0216839049174379,0.112984557201387,0.318127945009816,TRUE,TRUE,"cycling, varies between strains",74,1.72,1,0,1,NA,10.1,NA,33,NA,"SACE_YCK",0.187501565300917,0.0742394806601205,0.0928435150875224,74,74,74,1.49221222805598,1.38342462921503,1.23905030363044,0.92830826516181,0.925969896091051,0.840721501603098,0.622102035962531,0.669331654603012,0.678520879370086,0.0135135135135135,0.911986959535169,0.904300725342808,FALSE,FALSE,0.925969896091051,0.657894736842105,0.315789473684211,0.223684210526316,3,0.399122807017544,0.399122807017544,"amplitude"
"YPL256C","CLN2",74,0.351646918763715,0.361820809151659,0.119575339904041,0.550514764263159,0.154496793801829,0.280640600091109,0.892539963727512,23.913051445104,2.52047600150875,74,0,1,0.200438459129345,0.0919357205142142,3.15088003606581,0.00399201596806387,0.186482077962011,3.86819468849401,0.00199600798403194,1.49480128535977,3.69218486647896,0.00598802395209581,0.0454329436365365,0.0100430717512344,0.0336738288129623,0.357988260547775,TRUE,TRUE,"cycling, varies between strains",74,1.39,1,0,1,NA,15.1,NA,39,NA,"BDL",0.172852427933068,0.0759859289876327,0.133914084934385,74,74,74,1.68616124845124,1.50491995347821,1.30064070021133,0.929889486725625,0.926911743059196,0.826511486097339,0.551483132221037,0.615920960391875,0.635464879703552,0.0135135135135135,1.02567471614898,0.892539963727512,FALSE,FALSE,0.926911743059196,0.671052631578947,0.236842105263158,0.236842105263158,3,0.381578947368421,0.381578947368421,"structure amplitude timing"
"YKL045W","PRI2",74,0.194672923608137,0.204848764136168,0.0958508780567015,0.310249162906817,0.115056918207687,0.370853275250398,0.56665291553465,21.5477063828259,3.82140629531246,74,0,1,0.214594425305355,0.0827830373898182,1.40526430714835,0.0778443113772455,0.250463660517676,3.99920799369875,0.00199600798403194,2.96381284332789,1.61723558948374,0.0798403193612774,0.265782720273738,0.0100430717512344,0.205181035777907,0.211488371927877,TRUE,TRUE,"cycling, varies between strains",74,2.32,1,0,1,NA,21.5,NA,43,NA,"SACE_YCE",0.23992212609159,0.0740638686443974,0.0737279450877844,74,74,74,1.28935479307176,1.48066699370237,1.15785650151187,0.782775472892212,0.957911920618353,0.894674452395809,0.607106342721483,0.646946224027808,0.772698906321799,0.0135135135135135,0.857593451984576,0.56665291553465,FALSE,FALSE,0.957911920618353,0.355263157894737,0.460526315789474,0.315789473684211,3,0.37719298245614,0.37719298245614,"amplitude"
"YMR295C","GSR1",74,0.191573035016647,0.192950406674255,0.0879982119167412,0.628215592529569,0.24991673521113,0.397820013038544,1.54670639216362,41.2658293930335,9.09081256209243,74,0,1,0.641340432195427,0.0681183412149663,2.56906259323583,0.0139720558882236,0.229062719210313,5.65443838994931,0.00199600798403194,6.68460611559393,3.01155305939887,0.00399201596806387,0.107720043783401,0.0100430717512344,0.0265025504546463,0.174200635740521,TRUE,TRUE,"cycling, varies between strains",74,5.11,11,3,8,-11.3,23.7,30,65,"BHM,CNH,AMP","AAP,BRK,BDB,SACE_YCM,APQ",0.218839242469198,0.0631654715522263,0.000674746734223297,74,74,74,1.35996233807782,1.73672963636342,1.29184314161495,0.764442947218585,0.955368220649962,0.927290219133349,0.562105968536638,0.550096112052552,0.717804034609133,0.148648648648649,2.4062064464985,1.54670639216362,FALSE,FALSE,0.955368220649962,0.315789473684211,0.5,0.289473684210526,3,0.368421052631579,0.368421052631579,"amplitude timing"
"YOL007C","CSI2",74,0.370783400731813,0.366868075845986,0.107440238721772,0.543506445242211,0.146387073351524,0.26933824728847,1.11779575700889,25.5446894747599,3.03836332704844,74,0,1,0.220732853116192,0.0928886162624512,1.57309560297677,0.0598802395209581,0.175273821740729,4.13908760897815,0.00199600798403194,1.52460750401216,4.7331487246611,0.00598802395209581,0.238522954091816,0.0100430717512344,0.0336738288129623,0.365248863046639,TRUE,TRUE,"cycling, varies between strains",74,1.41,1,0,1,NA,24.5,NA,50,NA,"AAP",0.167895205319025,0.0727802864961642,0.0980944468819742,74,74,74,1.9928823117115,1.53667127591298,1.15665668243142,0.924828191052086,0.957902347604319,0.783522130317109,0.464065632785832,0.623361913910445,0.677402501725974,0.0135135135135135,1.51375582303628,1.11779575700889,FALSE,FALSE,0.957902347604319,0.644736842105263,0.131578947368421,0.302631578947368,3,0.359649122807018,0.359649122807018,"amplitude timing"
"YPL127C","HHO1",74,0.272839893989777,0.270502820173302,0.0891163271761062,0.790498652569971,0.189151672955128,0.239281461568823,1.11685780846594,36.9044890057018,6.50523298401583,74,0,1,0.553648606326339,0.068892195538055,2.63381388480507,0.00998003992015968,0.174822541117735,2.61263602622401,0.0139720558882236,4.455082004106,2.36819139704288,0.0139720558882236,0.0822492945144194,0.0409732681875513,0.060714933768826,0.244201984041469,TRUE,TRUE,"cycling, varies between strains",74,3.32,8,0,8,NA,14.6,NA,51.5,NA,"AKH,APQ,BAN,SACE_YCM,BHM",0.170363332858408,0.0614851686136336,0.0101621594718205,74,74,74,1.46018254613951,1.36871057953378,1.29356201352125,0.74521636121179,0.974492944497792,0.892483802169871,0.510358354290716,0.71197882084738,0.689942803546317,0.108108108108108,2.05015097990983,1.11685780846594,FALSE,FALSE,0.974492944497792,0.289473684210526,0.447368421052632,0.342105263157895,3,0.359649122807018,0.359649122807018,"amplitude"
"YER124C","DSE1",74,0.219489861505061,0.230999168529509,0.096745343555835,0.351226514591895,0.142686591285959,0.406252333915488,0.73293065734242,15.8847449426352,6.24391698708176,74,0,1,0.128468524898215,0.0829817381272218,1.59342203733806,0.06187624750499,0.302774636723706,2.90433773069989,0.00798403193612774,2.47747364325946,5.71912761478833,0.00199600798403194,0.238522954091816,0.0265025504546463,0.0164498589028839,0.21524676366133,TRUE,TRUE,"cycling, varies between strains",74,2.52,3,1,2,-43.9,32.1,60,48,"APQ","AFE,BDL",0.280060156530334,0.0631675141674516,0.179956489423239,74,74,74,2.52027584796705,1.34176474724404,1.16586306504585,1.01716521055885,0.924978920165959,0.761221873547739,0.403592809643964,0.689374886369501,0.652925627691792,0.0405405405405405,3.7664433438223,0.73293065734242,FALSE,FALSE,0.924978920165959,0.763157894736842,0.0789473684210526,0.210526315789474,3,0.350877192982456,0.350877192982456,"amplitude timing"
"YBR038W","CHS2",74,0.251239274402125,0.253364672872066,0.0745830211488576,0.448230533656213,0.126240973950376,0.281642959306297,0.75095738546987,76.4007929385858,5.22321672211505,74,0,1,0.247103037895396,0.0792645733362005,-0.531677636376361,0.708582834331337,0.197082732041804,3.33238158954543,0.00399201596806387,3.48122698345928,3.06931225126856,0.00598802395209581,0.793214507752644,0.0160351565776011,0.0336738288129623,0.240488904357272,TRUE,TRUE,"cycling, varies between strains",74,2.89,5,4,1,-17.9,10.6,58.5,87,"SACE_YCE,AAP,CBN,CEG","BDL",0.210709931843765,0.0587158235463198,0.1642121502899,74,74,74,1.50039533386724,1.42905954463102,0.940937647295645,0.830167068602984,1.06914456513152,0.740757454118586,0.553298887209441,0.748145568285309,0.787254560647671,0.0675675675675676,1.74198973865577,0.75095738546987,FALSE,FALSE,1.06914456513152,0.460526315789474,0.0526315789473684,0.513157894736842,3,0.342105263157895,0.342105263157895,"amplitude timing"
"YIL123W","SIM1",74,0.254064012667106,0.245426353880311,0.0700715723777914,0.78555285093123,0.169901994264522,0.21628333989637,1.02249732110681,39.0000605510838,8.73537630144299,74,0,1,0.541622298778578,0.0670119817526165,0.375730666411792,0.305389221556886,0.18391629813026,1.24550671809872,0.117764471057884,5.01811347716183,4.34173531053035,0.00199600798403194,0.494834060692175,0.206195667273512,0.0164498589028839,0.222703623823596,TRUE,TRUE,"cycling, varies between strains",74,5.8,14,3,11,-11,20,28,59,"BDL,CBN,SACE_YCK","AFE,BGD,AAP,BGF,CNH",0.149922262557158,0.0520964349406903,0.0357097066023752,74,74,74,1.74076898443986,1.17598789283582,1.04565736671495,1.15581284209627,0.815165725285391,0.777419702837787,0.663966817209913,0.693175270129412,0.743474609929002,0.189189189189189,3.71726282428116,1.02249732110681,FALSE,FALSE,0.815165725285391,0.842105263157895,0.118421052631579,0.0657894736842105,3,0.342105263157895,0.342105263157895,"timing"
"YKL104C","GFA1",74,0.209738640479885,0.215510849674138,0.093451942120312,0.530347133428275,0.208319987385932,0.392799308708069,0.984389152311844,0.730063540171086,5.40248775945186,74,0,1,0.599624177889132,0.0795788177920497,1.65462363434853,0.0678642714570858,0.281459150394325,3.22487798360289,0.00199600798403194,4.53747276542117,1.37184186697029,0.0778443113772455,0.247626883637306,0.0100430717512344,0.202225982816975,0.191531564715104,TRUE,TRUE,"cycling, varies between strains",74,3.32,5,4,1,-11.7,14.3,77,15,"SACE_YCE,CEG,BGD,BHQ","AMP",0.278296404532478,0.0687832087000553,0.00451671503962359,74,74,74,1.19063805751579,1.39558194557809,1.17433187264122,0.731684832424958,0.988763037700441,0.864340670149124,0.614531702397943,0.708495148445666,0.736027600277182,0.0675675675675676,0.865014994030691,0.984389152311844,FALSE,FALSE,0.988763037700441,0.236842105263158,0.355263157894737,0.381578947368421,3,0.324561403508772,0.324561403508772,"amplitude"
"YLR050C","EMA19",74,0.23744055346414,0.237466291054558,0.0876346775312989,0.687607974306307,0.20737014237567,0.301581933491791,1.25526899631142,27.9050911780379,3.66776287008887,74,0,1,0.520889445662386,0.0765052791167904,1.31282899784568,0.0978043912175649,0.188253009528531,4.02484662366361,0.00199600798403194,3.40347678266664,0.563416022122364,0.289421157684631,0.297773878993605,0.0100430717512344,0.450629685254897,0.228040898260709,TRUE,TRUE,"cycling, varies between strains",74,2.18,1,0,1,NA,18.1,NA,46,NA,"SACE_YCM",0.190364883859476,0.0666505209081091,0.0817023681693989,74,74,74,1.07765179676506,1.60200325215032,1.14547229345466,0.640521484119531,1.01121827659613,0.871188520289725,0.594367759643953,0.631221113464537,0.760549622428915,0.0135135135135135,0.264286087422239,1.25526899631142,FALSE,FALSE,1.01121827659613,0.0789473684210526,0.394736842105263,0.407894736842105,3,0.293859649122807,0.293859649122807,"amplitude"
"YDL117W","CYK3",74,0.244611913991565,0.234169083275987,0.104429026954042,0.382521849234335,0.172728491528273,0.451551961996447,0.793114526242478,5.89154766965847,3.49834542591638,74,0,1,0.282618227372377,0.0920610181343333,1.28778276070109,0.101796407185629,0.306168900562435,4.0395441606017,0.00199600798403194,2.03684242784376,1.67547852093131,0.12375249500998,0.302227842451743,0.0100430717512344,0.273859688031345,0.244657917874933,TRUE,TRUE,"cycling, varies between strains",74,1.28,1,1,0,-32.9,NA,61,NA,"CBN",NA,0.336651695764724,0.0763945652197333,0.0778126350340657,74,74,74,1.71753365802567,1.47484594668806,1.13434577490401,0.628423673084537,1.09956202326981,0.829825335064839,0.365887253590662,0.745543645245799,0.731545313099141,0.0135135135135135,1.46150299807262,0.793114526242478,FALSE,FALSE,1.09956202326981,0.0526315789473684,0.263157894736842,0.565789473684211,3,0.293859649122807,0.293859649122807,"amplitude"
"YCL024W","KCC4",73,0.185994411698057,0.188963015546708,0.0967879533222289,0.216060908437142,0.0979066395564828,0.45314370037913,0.495668950752017,18.1836412838544,4.73231071146382,74,1,0.986486486486487,0.112308174130911,0.0772673505916314,2.32585342003818,0.0239520958083832,0.316684229328307,3.53960601406896,0.00798403193612774,3.13961672453686,2.59904336675033,0.0159680638722555,0.148689633719574,0.0265025504546463,0.0652370472729754,0.179416619406097,TRUE,TRUE,"cycling, varies between strains",73,2.2,3,1,2,-18.2,21.8,0,40,"SACE_YCE","APQ,BDL",0.301852267924426,0.065315683490567,0.109112730913037,73,73,73,1.50728930524534,1.43090074722147,1.25263714338759,0.700722474436601,0.95316482467302,0.845320604245503,0.464889170246281,0.666129238190616,0.67483277875622,0.0410958904109589,1.59269398692696,0.495668950752017,FALSE,FALSE,0.95316482467302,0.184210526315789,0.328947368421053,0.276315789473684,3,0.263157894736842,0.263157894736842,"amplitude"
"YBR070C","ALG14",74,0.273379934927286,0.27629155286742,0.0927743375012379,0.524437965570388,0.141686844714535,0.270168931344308,0.835143316969356,25.0703841566572,3.03914698932167,74,0,1,0.291700595051676,0.0810142251408076,1.36979146257874,0.0978043912175649,0.181191205829473,3.6936886318336,0.00199600798403194,3.03526279503288,0.00838792517817107,0.449101796407186,0.297773878993605,0.0100430717512344,0.600626045958223,0.260503771778949,TRUE,TRUE,"cycling, varies between strains",74,2.23,1,0,1,NA,10.9,NA,36,NA,"AAP",0.182228076495301,0.0648860313827184,0.136585989157355,74,74,74,1.00127968961869,1.49107088342122,1.14516107930416,0.734697504166469,1.00572252202352,0.800921458792484,0.733758521004518,0.674496788318959,0.699396332330076,0.0135135135135135,0.00388419428878661,0.835143316969356,FALSE,FALSE,1.00572252202352,0.25,0.144736842105263,0.394736842105263,3,0.263157894736842,0.263157894736842,"amplitude"
"YMR076C","PDS5",74,0.186674773186016,0.18401782624177,0.109568212323012,0.273024999620539,0.0929870576654696,0.340580744601068,0.510455461283892,25.0850378606683,2.38984565429151,74,0,1,0.169683683056686,0.0811257559710733,3.13065505559376,0.00598802395209581,0.260902276045763,2.49782839526009,0.00998003992015968,2.98034037429295,-1.05397184472233,0.860279441117764,0.0561230480216039,0.0315924442505717,0.934576301941571,0.189740375421724,TRUE,TRUE,"cycling, varies between strains",74,1.83,0,0,0,NA,NA,NA,NA,NA,NA,0.213358216087316,0.079229773211097,0.207980057268833,74,74,74,0.801870039712654,1.30539583541743,1.35059711939177,0.614023826199431,0.81777062017616,0.976629089772027,0.765739827889646,0.626454135970688,0.723109116515695,0,-0.590494720001437,0.510455461283892,FALSE,FALSE,0.81777062017616,0.0394736842105263,0.657894736842105,0.0789473684210526,3,0.258771929824561,0.258771929824561,"amplitude"
"YMR179W","SPT21",74,0.207353438087325,0.209966919610651,0.0874368594065858,0.263462467259777,0.102971471850372,0.390839245230482,0.517624559955438,19.3002013497644,5.92433662881309,74,0,1,0.158534293767617,0.0835327002520224,0.454789117550907,0.315369261477046,0.274129484978703,3.57635378907472,0.00399201596806387,2.93298885567975,5.21642107169261,0.00199600798403194,0.500818960086472,0.0160351565776011,0.0164498589028839,0.203055625295531,TRUE,TRUE,"cycling, varies between strains",74,2.4,4,2,2,-19.3,34.2,0,53.5,"BDL,AAP","BGD,CNH",0.249388510127771,0.0649296630195158,0.1126361585285,74,74,74,2.01989742216053,1.42574683369374,1.04673809349853,0.818277913109824,0.909747122412409,0.777296350095468,0.405108647663194,0.638084617067315,0.742589149017688,0.0540540540540541,2.99134777313334,0.517624559955438,FALSE,FALSE,0.909747122412409,0.434210526315789,0.105263157894737,0.197368421052632,3,0.245614035087719,0.245614035087719,"amplitude timing"
"YOR247W","SRL1",74,0.423915810258285,0.451555437377604,0.100826972263993,1.34557492784721,0.324817059212025,0.24139648598514,1.98860959082944,36.0312170225747,6.99984149000616,74,0,1,0.78703413717507,0.0767489600478753,2.80568679788347,0.00598802395209581,0.128492799683298,6.12082398083962,0.00199600798403194,3.18889417960302,3.92323562011106,0.00199600798403194,0.0561230480216039,0.0100430717512344,0.0164498589028839,0.383741482169279,TRUE,TRUE,"cycling, varies between strains",74,2.24,5,0,5,NA,28,NA,64,NA,"AFE,AKI,AAP,BFH,APQ",0.123831966777805,0.062131402172874,0.0540407078818346,74,74,74,2.19506860239482,1.87867714440125,1.31372427979608,0.702437858969299,0.963726894293061,0.809540639171097,0.320007246335235,0.512981646242472,0.616218069210654,0.0675675675675676,3.81094731040314,1.98860959082944,FALSE,FALSE,0.963726894293061,0.197368421052632,0.184210526315789,0.328947368421053,3,0.236842105263158,0.236842105263158,"amplitude timing"
"YLR437C","DIF1",74,0.159914850735084,0.157714701390184,0.0820919803585534,0.55147509984364,0.196689064169197,0.356659918507589,0.95612320429224,56.5958999248999,7.41625181437826,74,0,1,0.672157845286564,0.0632165284157567,2.51364581155508,0.0159680638722555,0.296714263905719,1.61561424706047,0.0538922155688623,10.3220716918721,-5.37568164180021,1,0.117426685091356,0.116563253583331,1,0.122396412155763,TRUE,FALSE,"cycling, consistent between strains",74,5.97,12,4,8,-11.6,14.4,45,71,"AKI,BFP,BHG,CPI","AMP,BFH,BGF,BVG,APQ",0.243583288649219,0.0615892669133444,0.0600135752849341,74,74,74,0.718484819304056,1.20203159030102,1.29858412690204,0.578372266557782,0.820935554101361,0.974258923367156,0.804988847388605,0.682956721541548,0.7502470599971,0.162162162162162,-2.90581987749387,0.95612320429224,FALSE,FALSE,0.820935554101361,0.0131578947368421,0.605263157894737,0.0921052631578947,3,0.236842105263158,0.236842105263158,""
"YPR120C","CLB5",74,0.16591426219162,0.169817399293413,0.0786612442485603,0.307800402806918,0.112337245281882,0.364967830637801,0.662832061857164,21.6511582010593,6.5643112858352,74,0,1,0.234387723144378,0.0798232702495968,-0.12282070806088,0.518962075848303,0.289769006130085,2.13520417851657,0.0239520958083832,3.4212015602924,4.70499794582262,0.00199600798403194,0.666838366278196,0.0625633977945748,0.0164498589028839,0.17112450236505,TRUE,TRUE,"cycling, varies between strains",74,3.09,6,1,5,-11.7,21.3,10,43,"CDH","BGD,APQ,SACE_YCK,CEG,AAP",0.206717220688664,0.0556255282811563,0.00731578729119609,74,74,74,1.91871515610854,1.25951300144901,0.985442515730024,0.903191450589632,0.713386236331512,0.696858548982304,0.470727219574086,0.56639846949638,0.707152916439845,0.0810810810810811,3.14310972554281,0.662832061857164,FALSE,FALSE,0.713386236331512,0.578947368421053,0.0263157894736842,0,3,0.201754385964912,0.201754385964912,"timing"
"YOR025W","HST3",74,0.200023399676332,0.206521490235326,0.0801747454685215,0.386376158162572,0.119553748277845,0.309423202628205,0.82614735058057,70.9629410681361,5.0592127746305,74,0,1,0.259442530535547,0.0726474784791909,0.86622378099064,0.17564870259481,0.224900048621164,2.87972168899911,0.0119760479041916,4.15903473699004,1.62344937880102,0.0518962075848303,0.386793979608351,0.0369325864400232,0.14854124087155,0.187740584590873,TRUE,TRUE,"cycling, varies between strains",74,3.36,7,4,3,-12.5,11,58.5,82,"BAG,CBN,BDL,BRK","SACE_YCK,AMP,BGF",0.196416072653303,0.0515195548650533,0.0249719603286033,74,74,74,1.21643917268456,1.37582541455745,1.10361360293443,0.807879763570257,0.873348288973287,0.70917196224244,0.664134945430398,0.634781331797252,0.642590812904808,0.0945945945945946,0.900178037640456,0.82614735058057,FALSE,FALSE,0.873348288973287,0.407894736842105,0.0394736842105263,0.144736842105263,3,0.197368421052632,0.197368421052632,"amplitude"
"YML027W","YOX1",74,0.203758541715365,0.209072374037779,0.10054532693242,0.333875624106906,0.154669752497215,0.463255599778947,0.933361909080652,21.2574704181259,3.37244579372553,74,0,1,0.155966176010022,0.0842697968248672,1.87127535262837,0.0339321357285429,0.281274057924826,5.44167098152249,0.00199600798403194,2.54963325689892,1.21005242963644,0.147704590818363,0.172548519981314,0.0100430717512344,0.303016285026514,0.214820203626463,TRUE,TRUE,"cycling, varies between strains",74,1.67,2,1,1,-13.3,18.7,8,40,"AAP","BDL",0.278063324349823,0.0651001290499797,0.172659821291693,74,74,74,1.32271799663744,1.64699013907197,1.19313598371878,0.654996162872144,0.988585034827984,0.772520303867272,0.495189575205938,0.60023737323954,0.647470459703569,0.027027027027027,0.822812536826615,0.933361909080652,FALSE,FALSE,0.988585034827984,0.118421052631579,0.0921052631578947,0.368421052631579,3,0.192982456140351,0.192982456140351,"amplitude"
"YML012W","ERV25",74,0.169159753577531,0.174279169128128,0.0824179920804062,0.493015928496232,0.206410557798833,0.41866914610328,1.28804976319899,31.5323100251563,6.55151227688328,74,0,1,0.91988725336674,0.073355269666704,1.04700693286169,0.153692614770459,0.291617325214804,3.53619431386431,0.00399201596806387,4.95286346565865,2.51330641832969,0.0119760479041916,0.37052109373486,0.0160351565776011,0.0535004756841457,0.141687121280214,TRUE,TRUE,"cycling, varies between strains",74,3.65,7,2,5,-14.5,18.5,17,50,"BHM,AKI","AAP,BFH,SACE_YCM,BDP,CNH",0.24218698727577,0.0599912453688188,0.064679145992473,74,74,74,1.32277263896109,1.43567994732443,1.12354562194208,0.736947429564286,0.830495880508392,0.817817801521202,0.557123278678552,0.578468677546223,0.727890159108608,0.0945945945945946,1.59864881122463,1.28804976319899,FALSE,FALSE,0.830495880508392,0.263157894736842,0.197368421052632,0.105263157894737,3,0.18859649122807,0.18859649122807,"amplitude"
"YNL273W","TOF1",74,0.169741622546945,0.172767559734659,0.0977375236937113,0.2848502478528,0.0932783475740215,0.327464512589171,0.502143935473616,21.5776263948925,5.8985603061249,74,0,1,0.207203257124961,0.0787768838148926,2.1337399203863,0.0259481037924152,0.266038746150274,1.78552175855931,0.0439121756487026,3.53114274641277,4.37607892711767,0.00199600798403194,0.149436067623789,0.0994787675833168,0.0164498589028839,0.179155775007628,TRUE,TRUE,"cycling, varies between strains",74,2.27,5,2,3,-27.1,13.4,82.5,35,"BGD,AAP","APQ,CDH,BNC",0.21348845334396,0.0686142701742875,0.0120185365679225,74,74,74,1.67043949500969,1.23089030198707,1.24068786375673,0.64285138353754,0.802471280718522,0.870994977860702,0.384839669714472,0.651943783636174,0.702025870732208,0.0675675675675676,2.36741755971213,0.502143935473616,FALSE,FALSE,0.802471280718522,0.0921052631578947,0.381578947368421,0.0526315789473684,3,0.175438596491228,0.175438596491228,"timing"
"YOR342C","YOR342C",74,0.152305303022271,0.162553044925873,0.0676410561750746,0.407426636802931,0.18947099968559,0.465043231273157,1.18192597093812,12.7307272626257,6.33465011092602,74,0,1,0.508299404948324,0.0725900598032417,-0.642333928630338,0.736526946107784,0.328659083971795,3.65768611024304,0.00199600798403194,5.498770601941,1.2151891785056,0.13373253493014,0.814953426480373,0.0100430717512344,0.289249555188266,0.14737464286636,TRUE,TRUE,"cycling, varies between strains",74,4.42,9,1,8,-16.7,13.8,84,26.5,"BDL","CDH,APQ,BRK,AAP,AMP",0.283606098841937,0.0484610915284633,0.00255053896586177,74,74,74,1.15201207133281,1.41497148246499,0.931822571277919,0.803816038159473,0.862918789326011,0.667599553710508,0.697749666138051,0.609848890963328,0.716444926629058,0.121621621621622,0.83587950898502,1.18192597093812,FALSE,FALSE,0.862918789326011,0.381578947368421,0,0.131578947368421,3,0.171052631578947,0.171052631578947,"amplitude"
"YPR174C","CSA1",74,0.172054729780089,0.164004487931478,0.0831823346873414,0.329589363232792,0.129161028361349,0.391884698870337,0.647677847114192,20.7820433721131,5.53343100757491,74,0,1,0.278233636078923,0.0773495250270419,0.66378525425244,0.241516966067864,0.278688072530882,3.21228070210234,0.00399201596806387,3.8334214636278,2.75728718438309,0.0159680638722555,0.45095746007984,0.0160351565776011,0.0652370472729754,0.172310118415344,TRUE,TRUE,"cycling, varies between strains",74,2.61,5,3,2,-12.8,26.2,8,47,"BDL,AMP,SACE_YCK","APQ,SACE_YCU",0.248424172035793,0.0633990075533517,0.0791059717403721,74,74,74,1.44347055497996,1.40617678866365,1.07540847417305,0.680853912037629,0.891405827955787,0.819643139776062,0.47167842093397,0.633921591610775,0.762169128717659,0.0675675675675676,1.70000954394712,0.647677847114192,FALSE,FALSE,0.891405827955787,0.144736842105263,0.210526315789474,0.157894736842105,3,0.171052631578947,0.171052631578947,"amplitude"
"YLR183C","TOS4",74,0.312157615466836,0.3153975366591,0.108472632361793,0.458441021051565,0.120119719895025,0.262017826457799,0.822583021881725,26.1549636707786,4.41730170279698,74,0,1,0.214657062323833,0.0901348082428031,2.00146387240253,0.0259481037924152,0.182438337339479,3.37003136001738,0.00399201596806387,1.84971002140363,6.77348481546893,0.00199600798403194,0.149436067623789,0.0160351565776011,0.0164498589028839,0.323342223050672,TRUE,TRUE,"cycling, varies between strains",74,1.41,2,1,1,-24.2,30.8,2,57,"AAP","APQ",0.137053938941154,0.0728239107408828,0.252883665821612,74,74,74,2.38810497412181,1.43619937716402,1.20344886150523,0.762281646141505,0.751234312589277,0.807944368669553,0.319199387967366,0.523071047470233,0.671357458146587,0.027027027027027,2.56759168139335,0.822583021881725,FALSE,FALSE,0.751234312589277,0.302631578947368,0.171052631578947,0.0394736842105263,3,0.171052631578947,0.171052631578947,"amplitude timing"
"YJL074C","SMC3",74,0.266815003081686,0.276332768436705,0.0945653530235725,0.44003352905878,0.115529121752045,0.262546179149482,0.789642736796111,23.8739848710711,3.46707065076309,74,0,1,0.256122768556217,0.0872621653452883,0.78363822005233,0.215568862275449,0.196726661581922,2.55138780926881,0.00798403193612774,2.58134582008507,1.94857572174212,0.0479041916167665,0.425793042015143,0.0265025504546463,0.144013859074304,0.26623393565708,TRUE,TRUE,"cycling, varies between strains",74,1.79,1,0,1,NA,27.1,NA,51,NA,"BDL",0.142637958519087,0.0719443623263699,0.11425244339929,74,74,74,1.34312521158007,1.3345734484502,1.08369248745302,0.693436728264873,0.725056570228482,0.82446226313194,0.516285989039776,0.543287123740148,0.760789866754225,0.0135135135135135,0.885724830678012,0.789642736796111,FALSE,FALSE,0.725056570228482,0.171052631578947,0.223684210526316,0.0131578947368421,3,0.135964912280702,0.135964912280702,"amplitude"
"YEL032W","MCM3",74,0.186278732822216,0.192126048766726,0.0849481010447684,0.293741298125464,0.119260936881703,0.406006706046365,0.558535529130376,7.22425002678831,4.16353703216826,74,0,1,0.235703100532415,0.0820306542012675,0.294743679105027,0.363273453093812,0.294449453910584,3.38016965380632,0.00199600798403194,3.45842589380252,1.21779003137751,0.131736526946108,0.540949254139696,0.0100430717512344,0.28622754491018,0.174403184381162,TRUE,TRUE,"cycling, varies between strains",74,2.2,2,2,0,-21.2,NA,74,NA,"SACE_YCK,AFE",NA,0.245131275807786,0.0608415425551567,6.13315735955577e-05,74,74,74,1.20388210128466,1.37886724072396,1.03556532459613,0.636127552694533,0.832507150385903,0.741692762877132,0.528396885389127,0.603761642744373,0.716220160390551,0.027027027027027,0.705111138365742,0.558535529130376,FALSE,FALSE,0.832507150385903,0.0657894736842105,0.0657894736842105,0.118421052631579,3,0.0833333333333333,0.0833333333333333,"amplitude"
"YOR195W","SLK19",74,0.176028925794208,0.176037598980338,0.0716943482641986,0.317156201129644,0.116963726584402,0.368789026252053,0.510312410983483,28.1916669179254,4.58014998997914,74,0,1,0.278484184152834,0.0750301441410949,-0.380353777500889,0.654690618762475,0.265484781996813,2.92569081355826,0.00399201596806387,3.50852243276357,1.61033727438879,0.0698602794411178,0.766059122630651,0.0160351565776011,0.184492892667703,0.172423867256975,TRUE,TRUE,"cycling, varies between strains",74,2.07,3,1,2,-10.2,24.8,18,53,"BDP","AMP,AAP",0.193439395667425,0.0505685073256659,0.00633527435682479,74,74,74,1.30543557231056,1.38911550213255,0.955540590850747,0.589991952358564,0.728627058065223,0.673975878689122,0.451950264626471,0.524525899355846,0.705334640037699,0.0405405405405405,1.07162755721556,0.510312410983483,FALSE,FALSE,0.728627058065223,0.0263157894736842,0.0131578947368421,0.0263157894736842,3,0.0219298245614035,0.0219298245614035,"amplitude"
