"name","gene","mean_r2","cv_amp","amp_trim_excess_final","amp_robustness","frac_explained","cv_amp_p_fdr","which_phenotype","early_strains","late_strains"
"MRH1","YDR033W",0.214639227048674,0.745860888275663,3.17023513486847,0.993973995213775,0.386133573676563,0.0100430717512344,"structure amplitude timing","BNV,CGS,BFH,BHG,CQD","BGF,BHM,BGD,BDL,CDT"
"TIP1","YBR067C",0.178476268586498,1.04880572184683,2.75873167733629,0.989055887304587,0.22337696746122,0.0100430717512344,"structure amplitude timing","SACE_YCK,APQ,BAP,BMB,AAP","CDT,BMC,BBQ,BRK,SACE_YCM"
"SML1","YML058W",0.534662085978347,0.265481617234577,2.07866397876803,0.682423014021354,0.36706069478099,0.0100430717512344,"structure amplitude","CLN","BDL"
"SSO1","YPL232W",0.152272840537075,0.536457047372308,1.64877673849351,0.979837814030676,0.0170815970885722,0.0100430717512344,"amplitude timing","CLN,CNH,CBN,AFE,SACE_YCE","BNV,CDH,SACE_YCM,BDP,CDT"
"MNN1","YER001W",0.209190136833395,0.510506561495397,1.60713722118955,0.78516061328166,0.450610869194981,0.0100430717512344,"amplitude timing","AFE","BGD,APQ"
"HHF1","YBR009C",0.590205255871974,0.193432722432277,1.56982987137366,0.604661888755403,0.0135768680124929,0.0100430717512344,"structure amplitude timing",NA,"BDL,APQ"
"HHF2","YNL030W",0.625010067364738,0.171694527866024,1.54527137573032,0.598577856047064,0.000451499643162379,0.0100430717512344,"structure amplitude timing",NA,"APQ"
"HTB2","YBL002W",0.624667829061349,0.163381390250933,1.54004255324294,0.660365364618061,0.00144223950033118,0.0100430717512344,"structure amplitude timing",NA,"BDL"
"HHT2","YNL031C",0.624037672326318,0.166887393037023,1.51555331316536,0.622851583663041,0.00391951759547737,0.0100430717512344,"structure amplitude timing",NA,"BDL,APQ,SACE_YCM,BHM"
"CRH1","YGR189C",0.381798136305155,0.31396840484144,1.50974338683705,0.660365172345603,0.00146907903308635,0.0100430717512344,"structure amplitude",NA,"BDL"
"EGT2","YNL327W",0.46838191660623,0.340960575376907,1.46518182822662,0.784377927368383,0.127354931405094,0.0100430717512344,"structure amplitude",NA,NA
"SCW4","YGR279C",0.322610046597473,0.348759890150425,1.43061384829659,0.659896403063462,0.00268495419401282,0.0100430717512344,"structure amplitude timing","BHM,BRK,CLN,CDH","BDL"
"CTS1","YLR286C",0.406068492156146,0.315969497917428,1.41607718390539,0.723533312401846,0.0796869287056577,0.0100430717512344,"amplitude timing","SACE_YCK","BDL"
"SED1","YDR077W",0.338745109681914,0.403246286652083,1.41004918828502,0.674439056112602,0.0764660803713874,0.0100430717512344,"structure amplitude timing","AAP,BFH,SACE_YCE,CLN,CMI","BHM"
"YNL058C","YNL058C",0.353728484266423,0.346869572833227,1.40417280004775,0.660679975038686,0.100750778613298,0.0100430717512344,"amplitude timing","SACE_YCE,AAP",NA
"AIM20","YIL158W",0.312488510768205,0.33005734706936,1.38039591363744,0.655740460632679,0.139397310067535,0.0100430717512344,"structure amplitude timing","CCN,SACE_YCM","CNH"
"PRY3","YJL078C",0.305121633614035,0.398416018021945,1.34213007697424,0.709439685450604,0.145991194610335,0.0100430717512344,"amplitude timing","APQ,BDL,AAP,CEG",NA
"DSE3","YOR264W",0.390552631011987,0.381475444970602,1.30797570420847,0.72615118835541,0.190721089028677,0.0100430717512344,"structure amplitude",NA,NA
"CDC6","YJL194W",0.165716138918648,0.586090317266523,1.30707816846024,0.996144383138559,0.0693524947073366,0.0100430717512344,"amplitude","BRK",NA
"ASH1","YKL185W",0.36635819357493,0.380190300104918,1.27185404776644,0.817304613616867,0.0140995061035569,0.0100430717512344,"amplitude",NA,NA
"YBR071W","YBR071W",0.282971151085139,0.371206606833612,1.25117558306364,0.743229513232801,0.000455485357600649,0.0100430717512344,"amplitude",NA,"CBN"
"SCW11","YGL028C",0.251543343506267,0.454594377339129,1.24384660902929,0.795645316661465,0.239636483095481,0.0100430717512344,"amplitude timing","BDL,AFE","CNH,AAP"
"SVS1","YPL163C",0.484825366963107,0.234356413533972,1.23321557751293,0.67373732097002,0.152251541022714,0.0100430717512344,"structure amplitude",NA,NA
"MMR1","YLR190W",0.412944291023139,0.246783029892615,1.21531866877342,0.566211376488253,0.000900872292427857,0.0100430717512344,"structure amplitude timing","AAP,BDL,CBN,SACE_YCE,APQ",NA
"UTH1","YKR042W",0.342566989065211,0.329008193871159,1.2116156940406,0.573319271615881,0.0166120689028156,0.0100430717512344,"structure amplitude timing","BRK,AFE,CLN","APQ,SACE_YCE,BDL,CBN"
"AIM44","YPL158C",0.411690180710566,0.370854994566296,1.21010811968301,0.713544744103483,0.0549825239245649,0.0100430717512344,"structure amplitude",NA,NA
"MLO50","YLR049C",0.205130171067005,0.417442350556441,1.18523653162336,0.763492343967469,0.139143450820025,0.0100430717512344,"amplitude timing","APQ","CNH,CBN,CLP"
"NCW2","YLR194C",0.432499813741676,0.320914797499898,1.17425120463043,0.71161855619236,0.0142872039396872,0.0100430717512344,"structure amplitude",NA,NA
"SCW10","YMR305C",0.389430624112043,0.258841147498623,1.16959718080582,0.562400058450619,0.00205672819585179,0.0100430717512344,"structure amplitude timing",NA,"APQ"
"TOS6","YNL300W",0.717365573481775,0.133775043576566,1.16755920344719,0.566102567234827,0.124570143599774,0.0100430717512344,"structure amplitude timing",NA,NA
"SUR7","YML052W",0.421692534499492,0.210871991799814,1.16659913621535,0.593176171129255,0.0302991411524566,0.0100430717512344,"structure amplitude","BRK",NA
"MSA2","YKR077W",0.209031622571215,0.444765147963948,1.12465595712618,0.748135063148611,0.0458591869300398,0.0100430717512344,"structure amplitude timing","AFE,AAP,SACE_YCK,CNH","BDL,APQ"
"BUD9","YGR041W",0.169087051517282,0.502157103291464,1.11182227301937,0.737288941556587,0.117139378931747,0.0160351565776011,"amplitude timing","APQ,CLN,CBN,SACE_YCE","AFE,CDH"
"CYK3","YDL117W",0.244611913991565,0.451551961996447,1.09956202326981,0.745543645245799,0.0778126350340657,0.0100430717512344,"amplitude","CBN",NA
"ERP3","YDL018C",0.218715593135265,0.371051945718271,1.09159295980077,0.615390991251982,0.0544732694935857,0.0100430717512344,"amplitude","BDL","APQ,BAG"
"ERP5","YHR110W",0.306677958341065,0.288827832431216,1.0760841911825,0.570188530823175,0.00206944104900153,0.0100430717512344,"structure amplitude timing","SACE_YCM,BGD","BDL"
"CLB6","YGR109C",0.221704772736269,0.474915836667949,1.07006913139194,0.652162372111008,0.257070766598004,0.0160351565776011,"amplitude timing",NA,"AAP,BDL"
"CHS2","YBR038W",0.251239274402125,0.281642959306297,1.06914456513152,0.748145568285309,0.1642121502899,0.0160351565776011,"amplitude timing","SACE_YCE,AAP,CBN,CEG","BDL"
"DSE2","YHR143W",0.303066064410617,0.372409709236234,1.06782165151158,0.620379870444529,0.353401639682455,0.0100430717512344,"amplitude timing",NA,"AFE,BDL"
"PCL9","YDL179W",0.296748296145692,0.427602832787661,1.06776838974368,0.757329957082809,0.109866531732127,0.0216839049174379,"amplitude",NA,NA
"PMP1","YCR024C-A",0.300475512442473,0.267725424178059,1.06772217731128,0.628054235549685,0.0471597826568289,0.0100430717512344,"structure amplitude","APQ",NA
"NRM1","YNR009W",0.190797470394709,0.334572489317846,1.06524021658623,0.692940424970038,0.273314827184131,0.0100430717512344,"structure amplitude timing","AAP,BEF,BHK,AFE,BHG","CBN,BDL,SACE_YCE,BRK,CNH"
"PIL1","YGR086C",0.314175744278692,0.354974963034082,1.05473441043464,0.598563382316891,0.000117776484199528,0.0100430717512344,"structure amplitude timing","BDL","APQ"
"SPO12","YHR152W",0.281182675837271,0.356972423773966,1.03827798311581,0.602509429841037,0.00184746114711287,0.0100430717512344,"amplitude timing","AAP","CBN,CLN,SACE_YCE"
"SFG1","YOR315W",0.20278726959591,0.280323749416069,1.03641680227183,0.731454528010204,0.277493758800531,0.0160351565776011,"structure amplitude timing","CDH,SACE_YCK,ATS,BHQ,APQ","BDL,AMP"
"EMA19","YLR050C",0.23744055346414,0.301581933491791,1.01121827659613,0.631221113464537,0.0817023681693989,0.0100430717512344,"amplitude",NA,"SACE_YCM"
"ALG14","YBR070C",0.273379934927286,0.270168931344308,1.00572252202352,0.674496788318959,0.136585989157355,0.0100430717512344,"amplitude",NA,"AAP"
"GFA1","YKL104C",0.209738640479885,0.392799308708069,0.988763037700441,0.708495148445666,0.00451671503962359,0.0100430717512344,"amplitude","SACE_YCE,CEG,BGD,BHQ","AMP"
"YOX1","YML027W",0.203758541715365,0.463255599778947,0.988585034827984,0.60023737323954,0.172659821291693,0.0100430717512344,"amplitude","AAP","BDL"
"YML119W","YML119W",0.240649939544219,0.351042842711225,0.980293765281977,0.646015104056927,0.0249136360424907,0.0100430717512344,"amplitude timing","SACE_YCE,BRK","AAP,CBN,BDL"
"HHO1","YPL127C",0.272839893989777,0.239281461568823,0.974492944497792,0.71197882084738,0.0101621594718205,0.0409732681875513,"amplitude",NA,"AKH,APQ,BAN,SACE_YCM,BHM"
"SRL1","YOR247W",0.423915810258285,0.24139648598514,0.963726894293061,0.512981646242472,0.0540407078818346,0.0100430717512344,"amplitude timing",NA,"AFE,AKI,AAP,BFH,APQ"
"PRI2","YKL045W",0.194672923608137,0.370853275250398,0.957911920618353,0.646946224027808,0.0737279450877844,0.0100430717512344,"amplitude",NA,"SACE_YCE"
"CSI2","YOL007C",0.370783400731813,0.26933824728847,0.957902347604319,0.623361913910445,0.0980944468819742,0.0100430717512344,"amplitude timing",NA,"AAP"
"GSR1","YMR295C",0.191573035016647,0.397820013038544,0.955368220649962,0.550096112052552,0.000674746734223297,0.0100430717512344,"amplitude timing","BHM,CNH,AMP","AAP,BRK,BDB,SACE_YCM,APQ"
"KCC4","YCL024W",0.185994411698057,0.45314370037913,0.95316482467302,0.666129238190616,0.109112730913037,0.0265025504546463,"amplitude","SACE_YCE","APQ,BDL"
"MIX17","YMR002W",0.169485484465762,0.46203635549948,0.948156242200243,0.751371497021221,0.000128235930128007,0.0409732681875513,"structure amplitude","CLN,CEG,AKI,SACE_YCM,BRK","CNH,BNV,CBN,CCQ,CGS"
"POL12","YBL035C",0.23374445131283,0.354488789499884,0.933086241785618,0.574908207441278,0.00328675465034489,0.0100430717512344,"amplitude timing","CNH,AAP","APQ,CBN"
"CLN2","YPL256C",0.351646918763715,0.280640600091109,0.926911743059196,0.615920960391875,0.133914084934385,0.0100430717512344,"structure amplitude timing",NA,"BDL"
"ACM1","YPL267W",0.316355146861549,0.280132523258782,0.925969896091051,0.669331654603012,0.0928435150875224,0.0216839049174379,"amplitude",NA,"SACE_YCK"
"DSE1","YER124C",0.219489861505061,0.406252333915488,0.924978920165959,0.689374886369501,0.179956489423239,0.0265025504546463,"amplitude timing","APQ","AFE,BDL"
"SPT21","YMR179W",0.207353438087325,0.390839245230482,0.909747122412409,0.638084617067315,0.1126361585285,0.0160351565776011,"amplitude timing","BDL,AAP","BGD,CNH"
"GAS3","YMR215W",0.185765266017321,0.332301450645272,0.905215545481124,0.592508653984398,0.030080094129236,0.0100430717512344,"amplitude timing","BDL,BRK,AAP,APQ,CDT","CBN,CGN,AFE,AKH,CCG"
"NDL1","YLR254C",0.18763167119159,0.425061770387553,0.893752880848776,0.600894108657381,0.00980588620408751,0.0100430717512344,"amplitude timing","AAP,BGD","CBN,SACE_YCE,APQ,CLP"
"CSA1","YPR174C",0.172054729780089,0.391884698870337,0.891405827955787,0.633921591610775,0.0791059717403721,0.0160351565776011,"amplitude","BDL,AMP,SACE_YCK","APQ,SACE_YCU"
"HST3","YOR025W",0.200023399676332,0.309423202628205,0.873348288973287,0.634781331797252,0.0249719603286033,0.0369325864400232,"amplitude","BAG,CBN,BDL,BRK","SACE_YCK,AMP,BGF"
"YOR342C","YOR342C",0.152305303022271,0.465043231273157,0.862918789326011,0.609848890963328,0.00255053896586177,0.0100430717512344,"amplitude","BDL","CDH,APQ,BRK,AAP,AMP"
"MCM3","YEL032W",0.186278732822216,0.406006706046365,0.832507150385903,0.603761642744373,6.13315735955577e-05,0.0100430717512344,"amplitude","SACE_YCK,AFE",NA
"ERV25","YML012W",0.169159753577531,0.41866914610328,0.830495880508392,0.578468677546223,0.064679145992473,0.0160351565776011,"amplitude","BHM,AKI","AAP,BFH,SACE_YCM,BDP,CNH"
"PDS5","YMR076C",0.186674773186016,0.340580744601068,0.81777062017616,0.626454135970688,0.207980057268833,0.0315924442505717,"amplitude",NA,NA
"TOS4","YLR183C",0.312157615466836,0.262017826457799,0.751234312589277,0.523071047470233,0.252883665821612,0.0160351565776011,"amplitude timing","AAP","APQ"
"SLK19","YOR195W",0.176028925794208,0.368789026252053,0.728627058065223,0.524525899355846,0.00633527435682479,0.0160351565776011,"amplitude","BDP","AMP,AAP"
"SMC3","YJL074C",0.266815003081686,0.262546179149482,0.725056570228482,0.543287123740148,0.11425244339929,0.0265025504546463,"amplitude",NA,"BDL"
