"gene","n_strains_fit","mean_r2","sd_r2","median_r2","mean_amp","sd_amp","cv_amp","mean_peak","sd_peak","n_strains_total","n_not_detected","n_too_few_cells","pct_strains_detected","mean_pct_expressed","sd_r2_null_mean","sd_r2_null_sd","cv_amp_null_mean","cv_amp_null_sd","sd_peak_null_mean","sd_peak_null_sd","sd_z","cv_amp_z","sd_peak_z"
"YML058W",79,0.593158992640821,0.140456992532721,0.607835283827061,2.02089039812532,0.684322004584918,0.338624007130584,70.4629273207677,8.58073806103393,84,0,5,1,0.724326247932103,0.107992465182639,0.008350119982853,0.253775399550429,0.0822122947284671,7.70005106966835,0.815705613032037,3.88791148112225,1.03206713619168,1.07966278188525
"YNL300W",79,0.775658153343679,0.0948124732106675,0.781603140181849,3.37431657444184,0.401858765335596,0.119093379791157,27.3210547313095,2.64454672803967,84,0,5,1,0.485128733522382,0.0731930828815959,0.00565948123399029,0.129015844874036,0.0543691863326465,2.47638735003653,0.404773612861074,3.82003039416893,-0.182501629179646,0.415440563960028
"YBL002W",79,0.669696269874607,0.117505904642949,0.664968008264075,3.42425751652802,0.683032648918646,0.199468832475893,37.1033949681706,6.22805072457246,84,0,5,1,0.833967645364044,0.0902792430563939,0.00756953988425441,0.174497316359478,0.0814713552360389,4.50822971401422,0.781337012751902,3.59687140868236,0.306506698508552,2.20112574022438
"YBR009C",79,0.65203655089636,0.117474129105299,0.650179492066486,3.62565421871227,0.852564310638397,0.235147716579879,34.6826102828079,5.67092605418459,84,0,5,1,0.776547564631482,0.0915641306296916,0.00726706974254306,0.173032707575072,0.0744651363310453,4.41100633803055,0.629906844406052,3.56539835085443,0.83414886570094,2.0001683222573
"YNL031C",79,0.679000714282505,0.113362257512392,0.677991063904462,3.53145567113407,1.1181054524431,0.316613191999672,38.814548332285,6.68277395931551,84,0,5,1,0.9515133063214,0.0888533675653818,0.00759334217220429,0.191678959682132,0.0776027055282721,5.2051733856864,0.703493228870609,3.22768148612158,1.60992109059941,2.10037639736953
"YAL022C",79,0.185160487207548,0.214202139012823,0.0969567248789376,0.487954556992613,0.595073311947836,1.21952608787061,0.374529123143972,11.7731465368107,84,0,5,1,0.205017736141299,0.169953650399911,0.0144275779919951,0.655891454121081,0.171787936073743,11.3757583495315,1.04484250846627,3.06693809851263,3.28099077636962,0.380333097150201
"YPL158C",79,0.617646809291957,0.166432614877264,0.621094585087672,1.54445163333794,0.446635635791246,0.289187195086166,3.16983350087111,4.26454254342037,84,0,5,1,0.197806395346365,0.134985698744639,0.0103062863361505,0.25581140618126,0.0290097878687785,3.45133665383539,0.989018984285018,3.05123641115245,1.15050096387732,0.82223486354295
"YOR188W",79,0.176142346527182,0.214337308594046,0.0833919279171018,0.508835048552215,0.683387577543912,1.34304344696449,40.4560196809295,15.1205175595684,84,0,5,1,0.254592039285837,0.169851459766723,0.0149727802401308,0.757421363964383,0.288962871591038,16.5107588280059,1.55836592778779,2.97111479056445,2.02663435539541,-0.8921147746159
"YDR033W",79,0.33019936459702,0.198645196546906,0.328355828686942,1.09879371635984,0.581262632121627,0.529000688179466,81.4508273371003,13.9089544514589,84,0,5,1,0.394069051916851,0.151319601073086,0.0160568752244092,0.403563187014661,0.107106351454375,7.55384452548271,0.846950585426012,2.94737268692707,1.17114904449189,7.50351913716381
"YNL197C",79,0.16044070185504,0.208680820308656,0.0773045733771948,0.582975426286615,0.607044999547499,1.04128745771361,36.3878587679917,16.6306348386352,84,0,5,1,0.40427322230674,0.163002967141223,0.0157962263856729,0.685833453067745,0.154214342683244,17.4034945727866,1.53540581967919,2.89169400666878,2.30493479699206,-0.503358606725134
"YML012W",79,0.250639659161577,0.19788412443202,0.187729302890409,1.02366882003404,0.633238656449398,0.618597190865243,29.4394283947746,9.76234593266101,84,0,5,1,0.91955956376052,0.159178388787075,0.0133919047686075,0.516253919485245,0.105107459329603,9.3541987655951,1.09052801294031,2.89023378777875,0.973701315137522,0.374265642168568
"YGR279C",79,0.414617354633887,0.169440599815814,0.387416078565566,1.55509150413542,0.834864900385249,0.536859019655827,75.2778090287179,9.65315441330841,84,0,5,1,0.82273915399763,0.136752334696351,0.0113765542621803,0.301168060586961,0.0751240414796618,7.74191145219484,1.15202781730151,2.8733010335239,3.13735728838117,1.65902500999536
"YHR172W",78,0.160178130110492,0.212885602447456,0.0871627531151642,0.236873412942263,0.322978374915533,1.36350623273308,31.524703059511,13.7165592865933,84,1,5,0.988095238095238,0.0752938086987901,0.145684963249846,0.0241016240999058,0.829394776288841,0.183574555250829,14.3408045617582,1.2807124140327,2.78822036718566,2.90950701590671,-0.487420335998248
"YGR189C",79,0.470535743541768,0.162385521811761,0.455994104176359,1.2296361996014,0.47279873439313,0.384502940419609,17.9134827637702,9.42585941650377,84,0,5,1,0.472554017484792,0.131125532763997,0.0113974514282232,0.316514343195444,0.155024694543005,8.43399537623345,0.808522484382561,2.74271746141039,0.438566238911723,1.22676123352063
"YNL111C",79,0.194417851860505,0.212740720611018,0.0994669948026374,1.14429082033732,1.09482796622406,0.956774227989808,79.7608925663913,25.6578671084899,84,0,5,1,0.942361611038822,0.170055922156812,0.0157270858039653,0.733665991817766,0.15848390376416,19.9334430958431,1.81151365219665,2.7140945872784,1.40776590475743,3.16002256218458
"YOR315W",79,0.312068369497929,0.178602155201916,0.263681824184313,0.720267799510612,0.34048744261715,0.472723399336323,68.752825263607,9.71252417698513,84,0,5,1,0.331409277038471,0.144635089092885,0.0125497540271128,0.498926008583146,0.182068428857183,9.22842830419655,0.620825384646285,2.70659217986646,-0.143916270444539,0.779761724892085
"YDL157C",79,0.203746933459156,0.197874608147119,0.129797203988425,0.916261939411854,0.82471597752629,0.900087564540411,28.191081374639,13.2373363454748,84,0,5,1,0.619491905940066,0.163199694127873,0.0133673952774372,0.573318026090896,0.171678725998838,12.7733845651227,1.3518630999946,2.59399182111223,1.9033781649319,0.343194351820045
"YDL197C",79,0.209694279206227,0.204975774483017,0.140795807016261,0.43318094334647,0.599804632791238,1.38465147648819,27.2549227746202,11.0944798270356,84,0,5,1,0.184538930704296,0.156922263280366,0.0199695321064558,0.632847863392585,0.226041857060624,9.65185839997701,0.803891558052085,2.40634136776376,3.32594866663998,1.79454730256682
"YDL179W",79,0.513478104188651,0.189250094395804,0.504693426513347,0.955737271352212,0.328847128638718,0.34407691161134,3.69691740157837,3.15779974231731,84,0,5,1,0.12666431068112,0.155481202839867,0.0142967078493992,0.331422065832165,0.0461419243185521,4.08207862624157,1.01430089147708,2.36200472945636,0.274259168122435,-0.911247236092121
"YKL185W",79,0.595051109841536,0.162546543532481,0.590623043196048,1.5728048210858,0.506466491409203,0.322014839107346,2.49840205856046,5.19937834565377,84,0,5,1,0.18350957649609,0.138876387448262,0.0101557824005016,0.271361777530725,0.039403241490847,3.56815870619349,1.03645947341577,2.33070729075976,1.2855049396986,1.57383832296348
"YLR457C",78,0.154424988783156,0.213775498532267,0.0781661169525518,0.235600555622829,0.246143626125734,1.04474976926533,17.7631414773584,14.5415705024343,84,1,5,0.988095238095238,0.0931358231736756,0.159107484006943,0.0236665487661874,0.902887950892636,0.259950213150449,14.9138885027653,1.11771577260699,2.30992761409426,0.545726878441098,-0.333106152257804
"YLL062C",79,0.18344023518314,0.214757550468581,0.0908738239297795,0.380173791601083,0.325871890686998,0.857165585546034,5.38446330176487,14.136566532483,84,0,5,1,0.174857137339067,0.166901752851654,0.0210813640737632,0.706954682263862,0.167859044039891,13.5767398713023,1.21502851220921,2.2700522342615,0.894863330965208,0.460751871709403
"YKL182W",79,0.192344574540381,0.197948297766234,0.114559191601881,1.07484366786349,1.05863927313895,0.984923952004342,13.4384276319629,15.128196824013,84,0,5,1,0.926440216067683,0.170668847107862,0.0122446090559076,0.633879163147594,0.138604376012329,14.2063845967234,0.895502890534074,2.22787436771697,2.53271071921656,1.02937939903218
"YGR113W",79,0.165773925472442,0.212398567444241,0.0796664566458363,0.567166924398429,0.921749665870918,1.62518233384039,38.5981009123807,18.6261089220403,84,0,5,1,0.286848451845828,0.172126205386335,0.0183833591906484,0.724709641782512,0.240544990248635,19.1097928607838,1.41714792222817,2.19069657728238,3.74346890836149,-0.341308011081139
"YOR129C",79,0.158104836038642,0.216652599544473,0.0656893643237757,0.31441358928425,0.458346825968535,1.45778312894154,71.1945398854951,24.366535636885,84,0,5,1,0.122632895488568,0.158615727283278,0.0271995984619285,0.835006848989781,0.180364716895377,24.6384013236132,2.1275120775525,2.13374003820056,3.45287199554117,-0.127785731322831
"YPL141C",78,0.206378011413903,0.19315063547248,0.138414546152951,0.317094559262913,0.160659989619094,0.506662712827836,73.7326453827259,10.3680867831843,84,1,5,0.988095238095238,0.136379679602855,0.155977470572455,0.0176256964516688,0.731330387652512,0.241846664682986,11.1724551878901,0.952610468391924,2.10903240061784,-0.928967431157968,-0.844383335471444
"YBR067C",78,0.286239886742276,0.196045185752979,0.264092458336817,1.13734457613264,0.937625516968885,0.824398811622358,4.08014074603769,11.7710897808565,84,1,5,0.988095238095238,0.320303521579057,0.167123903704928,0.0138650329638682,0.503009610603277,0.174894958275851,8.12230441534519,0.872057092615276,2.08591513077672,1.837612725875,4.18411293986349
"YJL091C",79,0.169977428768723,0.1980006757006,0.0914822860935198,0.455356128447135,0.637792962801421,1.40064648954311,24.7818177219277,15.7745287615098,84,0,5,1,0.239306012722355,0.164213327045163,0.0162277300813505,0.657718951375352,0.16526042416603,17.0063335393791,1.22649636887082,2.08207484879647,4.49549577230523,-1.00432810820575
"YNL030W",79,0.676903045995118,0.104801656219645,0.660444879257568,3.36774183799472,0.895033253834755,0.265766586897198,37.7676192618276,6.2284784977422,84,0,5,1,0.867217951693214,0.0880508964694734,0.00817674397463497,0.174075570877296,0.0645780889800542,5.09597769707696,0.589683442972424,2.04858557417648,1.41984715664507,1.92052331494442
