"condition","SNP","n_targets","cut","hotspot"
"YPD","rsYHR218W-A",61,13.0950887064736,TRUE
"YPD","rsYBR297W",56,13.0950887064736,TRUE
"YPD","rsYBR302C",53,13.0950887064736,TRUE
"YPD","rsYPR204W",53,13.0950887064736,TRUE
"YPD","rsYMR325W",50,13.0950887064736,TRUE
"YPD","rsYOR389W",42,13.0950887064736,TRUE
"YPD","rsYIL177W-A",39,13.0950887064736,TRUE
"YPD","rsYPR204C-A",32,13.0950887064736,TRUE
"YPD","rsYOR390W",31,13.0950887064736,TRUE
"YPD","1743_INS_chromosome5_6793_len_1906",30,13.0950887064736,TRUE
"YPD","rsYJL215C",30,13.0950887064736,TRUE
"YPD","2749_DEL_chromosome7_735981_len_-343_TyRelated",27,13.0950887064736,TRUE
"YPD","214_DUP_chromosome1_198466_len_204",24,13.0950887064736,TRUE
"YPD","3071_DEL_chromosome8_146330_len_-342_TyRelated",24,13.0950887064736,TRUE
"YPD","rsYBR298C-A",24,13.0950887064736,TRUE
"YPD","rsYOR394C-A",24,13.0950887064736,TRUE
"YPD","5954_INS_chromosome15_487424_len_338_TyRelated",23,13.0950887064736,TRUE
"YPD","3266_DEL_chromosome8_525522_len_-13836",22,13.0950887064736,TRUE
"YPD","5724_DUP_chromosome15_29598_len_82",22,13.0950887064736,TRUE
"YPD","rsYOR392W",22,13.0950887064736,TRUE
"YPD","2065_DEL_chromosome5_487833_len_-333_TyRelated",21,13.0950887064736,TRUE
"YPD","3194_INS_chromosome8_389007_len_337_TyRelated",20,13.0950887064736,TRUE
"YPD","rsYCR105W",20,13.0950887064736,TRUE
"YPD","rsYLL021W",20,13.0950887064736,TRUE
"YPD","169_DEL_chromosome1_182620_len_-342_TyRelated",19,13.0950887064736,TRUE
"YPD","1757_DEL_chromosome5_14684_len_-317",19,13.0950887064736,TRUE
"YPD","5838_INS_chromosome15_227137_len_329_TyRelated",19,13.0950887064736,TRUE
"YPD","6099_DEL_chromosome15_970285_len_-5975_TyRelated",19,13.0950887064736,TRUE
"YPD","6116_DEL_chromosome15_980259_len_-324",19,13.0950887064736,TRUE
"YPD","rsYBR298C",19,13.0950887064736,TRUE
"YPD","rsYHR214C-D",19,13.0950887064736,TRUE
"YPD","rsYNL339C",19,13.0950887064736,TRUE
"YPD","rsYDL037C",18,13.0950887064736,TRUE
"YPD","rsYHR213W-B",18,13.0950887064736,TRUE
"YPD","rsYPL282C",17,13.0950887064736,TRUE
"YPD","rs_chromosome7_145655",17,13.0950887064736,TRUE
"YPD","1128_INS_chromosome4_383993_len_942",16,13.0950887064736,TRUE
"YPD","1943_DEL_chromosome5_354292_len_-439_TyRelated",16,13.0950887064736,TRUE
"YPD","2936_INS_chromosome7_1076129_len_11750",16,13.0950887064736,TRUE
"YPD","3618_DEL_chromosome9_382842_len_-95",16,13.0950887064736,TRUE
"YPD","531_DEL_chromosome2_429115_len_-389",16,13.0950887064736,TRUE
"YPD","chromosome3_207966_TG_T",16,13.0950887064736,TRUE
"YPD","chromosome4_184671_C_CAA",16,13.0950887064736,TRUE
"YPD","rsYCR089W",16,13.0950887064736,TRUE
"YPD","rsYDR170W-A",16,13.0950887064736,TRUE
"YPD","rsYJL225W-A",16,13.0950887064736,TRUE
"YPD","chromosome13_420789_C_CTT",15,13.0950887064736,TRUE
"YPD","chromosome4_521286_TA_T",15,13.0950887064736,TRUE
"YPD","rsYOR388C",15,13.0950887064736,TRUE
"YPD","6450_DEL_chromosome16_769319_len_-341_TyRelated",14,13.0950887064736,TRUE
"YPD","rs_chromosome15_271822",14,13.0950887064736,TRUE
"YPD","rs_chromosome7_1063699",14,13.0950887064736,TRUE
"SC2Glu","4374_DEL_chromosome11_517455_len_-330_TyRelated",132,19.5544124319809,TRUE
"SC2Glu","chromosome2_644106_TAGCGTTTTGCTACTAACAA_T",81,19.5544124319809,TRUE
"SC2Glu","rsYBR297W",72,19.5544124319809,TRUE
"SC2Glu","rsYHR045W",55,19.5544124319809,TRUE
"SC2Glu","rsYPR204C-A",48,19.5544124319809,TRUE
"SC2Glu","chromosome2_88491_AG_A",46,19.5544124319809,TRUE
"SC2Glu","rsYMR325W",46,19.5544124319809,TRUE
"SC2Glu","rsYJL214W",44,19.5544124319809,TRUE
"SC2Glu","rsYBL112C",41,19.5544124319809,TRUE
"SC2Glu","rsYBL113C",41,19.5544124319809,TRUE
"SC2Glu","chromosome14_16906_C_CCTTT",40,19.5544124319809,TRUE
"SC2Glu","1561_DEL_chromosome4_1175315_len_-333",37,19.5544124319809,TRUE
"SC2Glu","2936_INS_chromosome7_1076129_len_11750",34,19.5544124319809,TRUE
"SC2Glu","1128_INS_chromosome4_383993_len_942",32,19.5544124319809,TRUE
"SC2Glu","6099_DEL_chromosome15_970285_len_-5975_TyRelated",29,19.5544124319809,TRUE
"SC2Glu","rsYKR013W",26,19.5544124319809,TRUE
"SC2Glu","rsYIL177W-A",24,19.5544124319809,TRUE
"SC2Glu","chromosome8_326640_G_GTTTT",23,19.5544124319809,TRUE
"SC2Glu","2065_DEL_chromosome5_487833_len_-333_TyRelated",21,19.5544124319809,TRUE
"SC2Glu","rsYPR204W",21,19.5544124319809,TRUE
"SC2Glu","2547_DEL_chromosome7_402267_len_-2961",20,19.5544124319809,TRUE
"Fluconazole","1231_DEL_chromosome4_513258_len_-325",90,14.1552664369998,TRUE
"Fluconazole","chromosome5_301647_ATTC_A",64,14.1552664369998,TRUE
"Fluconazole","3920_INS_chromosome10_374892_len_368_TyRelated",43,14.1552664369998,TRUE
"Fluconazole","5954_INS_chromosome15_487424_len_338_TyRelated",36,14.1552664369998,TRUE
"Fluconazole","rsYIL177W-A",36,14.1552664369998,TRUE
"Fluconazole","rsYJR154W",34,14.1552664369998,TRUE
"Fluconazole","3641_DEL_chromosome9_390980_len_-124",30,14.1552664369998,TRUE
"Fluconazole","5201_DEL_chromosome13_503770_len_-371_TyRelated",27,14.1552664369998,TRUE
"Fluconazole","chromosome8_17205_C_CT",27,14.1552664369998,TRUE
"Fluconazole","rsYBR297W",27,14.1552664369998,TRUE
"Fluconazole","rsYBR302C",22,14.1552664369998,TRUE
"Fluconazole","2778_INS_chromosome7_779330_len_327_TyRelated",21,14.1552664369998,TRUE
"Fluconazole","chromosome5_568077_A_ATG",21,14.1552664369998,TRUE
"Fluconazole","rsYBR298C",20,14.1552664369998,TRUE
"Fluconazole","rsYBR298C-A",20,14.1552664369998,TRUE
"Fluconazole","1889_INS_chromosome5_207344_len_340_TyRelated",19,14.1552664369998,TRUE
"Fluconazole","chromosome1_198627_A_AGG",18,14.1552664369998,TRUE
"Fluconazole","rsYJL215C",18,14.1552664369998,TRUE
"Fluconazole","rsYNR072W",18,14.1552664369998,TRUE
"Fluconazole","1827_DEL_chromosome5_135608_len_-332_TyRelated",17,14.1552664369998,TRUE
"Fluconazole","rs_chromosome11_173024",17,14.1552664369998,TRUE
"Fluconazole","chromosome2_803577_ACCAG_A",15,14.1552664369998,TRUE
